Cation_ID,Cation_SMILES,Cation_PubChemID
C2024,CCCCCCCCCCCCCCCCCCCCCC[N+](C)(C)C,157847
C2023,CCCCCCCCCCCCCCCCCC[N+](C)(C)C,8156
C0005,CCCCCCCCCCCCCC[N+](C)(C)CCCCCCCCCCCCCC,24953
C0286,CCCCCCCCCCCCCCCCCC[N+](C)(C)CCCCCCCCCC,71338507
C0775,CCCCCCCCCCCCCCCCCC[N+](C)(C)CCCCCCCCCCCC,13008320
C0819,CCCCCCCCCCCCCCCCCC[N+](C)(C)CCCCCCCC,20030444
C0944,C[N+](C)(C)CCCCc1ccccc1,43506
C0186,C[N+](C)(C)CCCCCc1ccccc1,43921
C2022,CCCCCCCCCCCCCCCC[N+](C)(C)C,2681
C1707,C[N+](C)(C)CCOC(=O)c1ccccc1,16632
C0806,c1ccc(C[n+]2ccccc2)cc1,76136
C0008,CCCCCCCCCCCCCCCCCCCC[N+](C)(C)CCCCCCCCCCCCCCCCCCCC,11707758
C0514,CCCCCCCCCC[N+](C)(C)CCCCCCCCCC,16958
C1093,CCCCCCCC[N+](CCCCCCCC)(CCCCCCCC)CCCCCCCC,2734118
C2106,CCCCCCCCCCCCCC[N+](C)(C)C,14251
C0512,CCCCCCCCCCCC[N+](C)(CCCCCCCCCCCC)CCCCCCCCCCCC,81602
C0034,CCCCCCCCCCCCCC[N+](CCCCC)(CCCCC)CCCCC,86167186
C0565,CCCCCCC[N+](CCCCCCC)(CCCCCCC)CCCCCCC,77072
C0807,c1ccc(OCC[n+]2ccccc2)cc1,6452150
C0933,CCCCCCCCCCCCCCCC[N+](C)(C)CCCC,20289021
C2038,CCCCCCC[N+](CCCCCC)(CCCCCC)CCCCCCC,53436408
C0979,CCCCCCCC[N+](C)(CCCCCCCC)CCCCCCCC,21219
C2039,CCCCCCC[N+](CCCCCC)(CCCCCC)CCCCCC,53431296
C0256,Fc1ccc(C[n+]2ccccc2)cc1,816720
C0234,CCCCCC[N+](CCCCCC)(CCCCCC)CCCCCC,75057
C2064,CCCCCCCCCCCC[N+](C)(C)C,8153
C0279,CCCCCCCCCCCCCCCCCC[n+]1ccccc1,76629
C0846,Cc1ccc[n+](Cc2ccccc2)c1,85334
C0946,Cc1cc[n+](CCc2ccccc2)cc1,411756
C1142,CCCCCCCCCCCCCCCCCC[N+](CC)(CC)CC,199322
C0880,CCCCCCCCCCCCCCCC[N+](C)(CCCC)CCCC,44612813
C0428,CCCCCCCCCCCCCCCC[n+]1ccccc1,2683
C1035,CCCCCCCCCCCC[P+](CCCCCCCC)(CCCCCCCC)CCCCCCCC,21470280
C2063,CCCCCCCCCC[N+](CC)(CC)CCCCCCCCCC,4398051
C0559,CCCCCCCCCCCCCC[P+](CCCCCCCC)(CCCCCCCC)CCCCCCCC,57466201
C1446,CCCCCCCCCCCCCCCC[P+](CCCCCC)(CCCCCC)CCCCCC,23086969
C1507,CCCCCCCCCC[P+](CCCCCCCC)(CCCCCCCC)CCCCCCCC,57027342
C0841,c1ccc(Cn2cc[n+](Cc3ccccc3)c2)cc1,11695594
C0832,CCCCC[N+](CCCCC)(CCCCC)CCCCC,17249
C1804,CCCCCCCCCC[N+](C)(C)C,16389
C1506,CCCCCCCCC[P+](CCCCCCCC)(CCCCCCCC)CCCCCCCC,87777582
C0020,CCCCCCCC[N+](CCC)(CCCCCCCC)CCCCCCCC,90450
C0831,CCCCCCCCCCCC[N+](C)(C)CCCC,407819
C1119,CCCCCCCCCCCCCC[P+](CCCCCC)(CCCCCC)CCCCCC,11181837
C1505,CCCCCCCC[P+](CCCCCCCC)(CCCCCCCC)CCCCCCCC,2785208
C1618,CCCCCCCCCCCCCCCCCC[P+](CCCCCCCC)(CCCCCCCC)CCCCCCCC,18690400
C0358,CCCCCCCCCCCCC[N+](C)(C)Cc1ccccc1,2330
C0362,CCCCCCCCCCC[n+]1ccccc1,152991
C0527,CCCCCCCCCCCC[n+]1ccccc1,7718
C0535,CCCCCCCCCC[n+]1ccccc1,74160
C0906,CCCCCCCCCCCCC[n+]1ccccc1,10220896
C1504,CCCCCCCC[P+](CCCCCCC)(CCCCCCCC)CCCCCCCC,87776852
C1131,CCCCCCCCC[N+](C)(C)C,37620
C0209,CCCCCCCCCCCCCC[n+]1ccccc1,17736
C0850,CCCCCCCCCCCCCC[N+](C)(C)Cc1ccccc1,8756
C1432,CCCCCCCCCCCC[P+](CCCCCC)(CCCCCC)CCCCCC,23086987
C1503,CCCCCCCC[P+](CCCCCC)(CCCCCCCC)CCCCCCCC,22750521
C1315,CCCCCCCC[n+]1ccccc1,75675
C1502,CCCCCCCC[P+](CCCCC)(CCCCCCCC)CCCCCCCC,21314328
C0825,CCCCCCCCCCCCCCC[N+](C)(C)Cc1ccccc1,3014946
C1238,CN(C)C(=O)c1ccc[n+](Cc2ccccc2)c1,67542532
C0973,CCCCCCCC[N+](C)(C)C,24950
C1555,CCCCCCC[n+]1ccccc1,12093589
C1423,CCCCCCCCCC[P+](CCCCCC)(CCCCCC)CCCCCC,18433457
C2095,CCCCCCCC[n+]1cccc2ccccc21,2308921
C1871,CCCCCCCCCCCCCC[N+](CC)(CC)CC,28911
C2081,CCCCCCCCCCCCc1cc[n+](C)cc1,15575952
C1606,CCCCCCCC[n+]1ccc2ccccc2c1,413520
C2272,CCCCCCCCCC[n+]1ccc2ccccc2c1,53932873
C1604,CCCCCC[n+]1cccc2ccccc21,2308919
C0222,CCCCCCCCCCCCCCCCCC[n+]1ccc(C)cc1,413357
C0990,CCCC[P+](c1ccccc1)(c1ccccc1)c1ccccc1,159629
C1757,CCCCCC[n+]1ccc2ccccc2c1,413360
C0853,CCCCCCCCCCCC[n+]1ccc(C)cc1,407370
C0710,CCCCCC[n+]1ccccc1,2734173
C0663,CCCCCCCCCCCC[n+]1ccc2ccccc2c1,7133
C0676,CCCCCCCCCCCCCC[n+]1ccc(C)cc1,17672
C0185,CCC[N+](C)(C)Cc1ccccc1,18921208
C1209,CCCCCCCCCCCCCCCCCC[P+](CCCC)(CCCC)CCCC,6333126
C0526,CCCCCCC[N+](C)(C)C,30142
C0703,CCCCCCCCCCCCCCCCCC[N+](C)(C)CCO,3607463
C2174,CCCCCC[P+](c1ccccc1)(c1ccccc1)c1ccccc1,2724570
C0737,C[N+](C)(C)CCCCCCCCCCOc1ccc(C=O)cc1,12040125
C1475,CCCCCCCC[P+](CCCCCC)(CCCCCC)CCCCCC,86043016
C0800,CCCCCCCCCCCC[N+](C)(C)Cc1ccc(C(=O)c2ccccc2)cc1,71402012
C1297,CCCCCCCC[n+]1ccc(C)cc1,11449028
C0620,CCCCCCCCCCCCCCCC[n+]1ccc(C)cc1,75339
C0129,COCC[N+](C)(C)Cc1ccccc1,153361909
C2273,CCCCCCCCCCCCCC[n+]1ccc2ccccc2c1,53737788
C1501,CCCCCCCC[P+](CCCC)(CCCCCCCC)CCCCCCCC,21328166
C0462,Cc1n(Cc2ccccc2)cc[n+]1CC(=O)c1ccccc1,12277638
C0996,CCCCCCCCCCCC[n+]1ccc(CC)cc1,10086828
C0638,CCCCCCCCCCCCCCCC[P+](CCCC)(CCCC)CCCC,84717
C1109,CCCCCCCCCCCC[n+]1cccc(C)c1,416429
C1324,CCCCC[n+]1ccccc1,410720
C1445,CCCCCCC[P+](CCCCCC)(CCCCCC)CCCCCC,86043177
C0721,CCCCCCCCCCCCCC[n+]1cccc(C)c1,21189125
C2348,CCCC[n+]1cccc2ccccc21,412683
C2068,CCCCCCCCCC[n+]1cccc(C)c1,44298487
C0849,CCCCCCCCCCCC[n+]1ccc(CCC)cc1,69390619
C0772,C[N+](C)(CCCO)Cc1ccccc1,414618
C2042,CCCC[n+]1ccc2ccccc2c1,413519
C0615,CCCCCCCC[n+]1ccc(CC)cc1,19069814
C0621,CCCCCCCCCCCCCC[n+]1ccc(CCCCCC)cc1,69398203
C2190,CC[n+]1ccccc1-c1ccccc1,20603121
C0524,CCCCCCCC[n+]1ccc(CCC)cc1,18377811
C0294,C[N+](C)(CCO)Cc1ccccc1,25772
C0538,CCCCCCCCCC[n+]1cccc(CCCCC)c1,69395985
C2274,CCCCCCCCCCCCCCCC[n+]1ccc2ccccc2c1,413358
C0701,CCCCCCCCCCCCCCCC[n+]1cccc(C)c1,75337
C2076,CCCCCCCCC[n+]1cccc(C)c1,44298506
C0135,CCCC[n+]1ccc(C(=O)OCC)cc1,85695516
C1115,CCCCCCCCCCCC[N+](CC)(CC)CC,28940
C1576,CCCCCCCC[N+](CCCC)(CCCC)CCCC,408233
C1228,CCCCCC[n+]1ccc(-c2ccncc2)cc1,58050946
C0709,CCCCCC[N+](C)(C)C,84774
C0332,CCCCCC[N+](C)(C)CCCCCC,158284
C1284,CCCCCC[n+]1ccc(C)cc1,11995186
C0419,CCCCCCCC[n+]1c(N)n(Cc2ccccc2)c2ccccc21,11292944
C1229,CCCCCCCCCC[n+]1ccc(-c2ccncc2)cc1,15115058
C0455,CCCCCC[P+](CCCCCC)(CCCCCC)CCCCCC,10292639
C1323,CCCCCCCC[n+]1cccc(C)c1,16689337
C1204,CCCCCCCCCCCCCC[P+](CCCC)(CCCC)CCCC,183729
C0844,CCCCCCCCCCCCCCCCCC[n+]1cccc(C)c1,413356
C0544,Cc1n(Cc2ccccc2)cc[n+]1CC(=O)c1ccc(Cl)cc1,12277642
C0747,C[N+](C)(C)CCCCCC(=O)O,4056838
C1233,CCCCCCCCCCCC(=O)OCC[n+]1ccccc1,5272254
C2083,C[n+]1ccn(Cc2ccc3ccccc3c2)c1,53474936
C1024,CCCCCCCCCCCCCCC[N+](C)(C)CCO,15792995
C0269,CCCCCCCCCCCCCCCC[N+](C)(C)c1ccccc1,428870
C0558,CCCCCCCCCCCCCC[n+]1cccc(CCCCC)c1,23338482
C0619,CCCCCCCCCCCCCCCCCC[n+]1ccc2ccccc2c1,413359
C1080,CCCCCCCCCC[N+](C)(C)CCCCCCCCCCC(=O)O,410148
C2075,CCCCCCC[n+]1cccc(C)c1,53297514
C2180,CCCCCCCCCCCCCCCCCC[N+]1(C)CCCCC1,54010400
C1575,CCCCCCC[N+](CCCC)(CCCC)CCCC,5003685
C1976,CCCC[n+]1ccc(-c2ccncc2)cc1,14219813
C0708,CCCCCCCC[P+](CC)(CCCCCCCC)CCCCCCCC,91982
C1234,CCCCCCCCCCCCCCCC(=O)OCC[n+]1ccccc1,11812264
C1129,Cn1cc[n+](CC(=O)c2ccc(-c3ccccc3)cc2)c1,3113067
C1292,Cc1ccc(Cn2cc[n+](C)c2)cc1,21040655
C1399,CCCCCCCC[n+]1ccccc1C,21987892
C0786,CCCCCCCC[P+](CCC)(CCCCCCCC)CCCCCCCC,87508410
C0818,CCCCC[N+](C)(C)CCCCC,11149782
C0734,CCCC[n+]1ccccc1,193832
C1116,CCC(=O)OCCCCCCCCCCC[n+]1ccccc1,86164781
C2340,CCCCCCCCCC[N+](C)(C)CCC,17915707
C0601,C[n+]1ccn(C(c2ccccc2)c2ccccc2)c1,10731824
C1309,CCCCCC[n+]1cccc(C)c1,22568357
C1049,CCOC(=O)c1ccc[n+](C)c1,414701
C0425,CCCCOC(=O)c1ccc[n+](CCCC)c1,87431822
C0045,Cn1cc[n+](Cc2ccc(C(=O)c3ccccc3)cc2)c1,10498520
C1203,CCCCCCCCCCCC[P+](CCCC)(CCCC)CCCC,6332110
C0736,CCCCCCCCCCCC[n+]1c(N)n(Cc2ccccc2)c2ccccc21,11408834
C1951,CCCCn1cc[n+](Cc2ccccc2)c1,57352056
C2070,CCCCCCCCCCCCOC[n+]1ccccc1,12215340
C0069,CCCCCC[N+](CCCCCC)(CCCCCC)Cc1ccccc1,15333182
C0194,CCCCCCCCCCCC[N+](C)(C)CCO,81487
C0660,O=C(O)CCC[n+]1ccccc1,21578876
C0578,CCCCCCCCCC[n+]1ccn(Cc2ccccc2)c1C,87811237
C2172,CCCCC[N+](C)(C)C,9022
C0138,CCCCCCCCCCCCCCCC[N+](C)(C)CCCCCC(=O)OC,410153
C2119,CCCCCCCCCCCC[N+](C)(C)CC(=O)O,12687
C0165,Cc1n(CCc2ccccc2)cc[n+]1CC(=O)c1ccc(Br)cc1,12277646
C2376,CCCCCCCCCCCC[N+](C)(C)CCC(=O)O,9903969
C0297,CCCC[N+](CCCC)(CCCC)CCCC,16028
C2309,CCCCCCCCCCc1cccc[n+]1CC,86100946
C2179,CCCCCCCCCCCCCCCC[N+]1(C)CCCCC1,3018172
C1076,CC[n+]1ccc(-c2ccncc2)cc1,10968974
C0136,CCCCCCCCCCCCCCCC[N+](C)(C)Cc1ccccc1O,14529749
C1601,CCCCCCCC[n+]1cccc(C)c1C,46210878
C0986,CCCCCCCCCCCC[N+](C)(C)CCOC(C)=O,13914767
C1578,CCOC(=O)c1ccc[n+](CC)c1,10828524
C0948,CCCCCCCCCCCCCCCC[N+](C)(C)CC(=O)OCC,4190349
C0319,CCCCCC[N+](CCCC)(CCCC)CCCC,19858518
C2073,CCCCCCCCCOC[n+]1ccccc1,101622467
C2304,CCCCCCCCCc1cccc[n+]1CC,69393464
C1002,c1ccc(CO[n+]2ccccc2)cc1,4555752
C1110,CCOC(=O)C[n+]1ccccc1,87029
C0412,CCCCCCCCCC[N+](CC)(CC)CC,9835339
C1882,C[N+]1(Cc2ccccc2)CCCC1,18617909
C0047,CCCCCCCCCCCCCCCC[N+](C)(C)CCOC(C)=O,431743
C1562,CCCCCCCCCC[N+](C)(C)CCO,431468
C0071,CCCCCCCCCC[N+](C)(C)CC(=O)O,75845
C0531,CCOC(=O)CC[n+]1ccccc1,3375770
C2290,CCCCCCCCN(CCCCCCCC)C(N(CCCCCCCC)CCCCCCCC)=[N+](C)C,12061396
C2077,CCCCC[n+]1cccc(C)c1,19876494
C2305,CCCCCCCCc1cccc[n+]1CC,101899393
C0741,CCCCCCCC[P+](C)(CCCCCCCC)CCCCCCCC,18705639
C0993,CCCCCCCCCCCCCC[n+]1ccn(Cc2ccccc2)c1C,44229399
C1616,CCCCC[P+](CCCCC)(CCCCC)CCCCC,4489938
C0061,CCCCCC[n+]1ccc(N(C)C)cc1,20780593
C0537,CCCCCCCCCCCC[n+]1c(N)n(Cc2ccc(C)cc2)c2ccccc21,11465900
C1626,CCCCCCCCCCC[n+]1ccn(-c2ccc(OC)cc2)c1,89401629
C0787,CCCCCC[n+]1ccc(N2CCC(C)CC2)cc1,68489563
C2224,CCCCCCCCCCCCCCCCCC[N+](C)(C)C1CCCCC1,14671697
C1627,CCCCCC[n+]1ccn(-c2ccc(OC)cc2)c1,86653201
C0079,CCCCCCCCCCCCCC[NH3+],15687967
C1235,CCCCCCCCCCCCCCCCCCCC(=O)OCC[n+]1ccccc1,21157900
C1865,CCCCCCC[N+](C)(C)CC,23088859
C0390,CCCCCCCCCCCC[n+]1c(N)n(CCCc2ccccc2)c2ccccc21,11386493
C0244,CCCCCCCCCCCC[N+](CC)(CC)CCC,14494918
C0576,CCCCCCCCCCCc1n(Cc2ccccc2)cc[n+]1C,416766
C0658,CCCCCCCCCCCCCn1cc[n+](C)c1,87616404
C0053,CCCC[n+]1cccc(C(=O)O)c1,67161694
C0845,CCCC[n+]1ccc(C)cc1,5128450
C1305,COCCC[n+]1ccccc1,69670037
C1416,CCCCCC[P+](CCCC)(CCCCCC)CCCCCC,86043175
C0303,Cc1ccccc1C[N+](C)(C)CCCO,414619
C1105,CCCCCCCCC[N+](C)(C)CCO,23621135
C2072,CCCCCCCOC[n+]1ccccc1,101622466
C0204,CCCCCCCCCCCCCCCC[N+](C)(CCO)CCO,10429907
C1732,CCCCCCCCCC[P+](CCCC)(CCCC)CCCC,11015386
C2306,CCCCCCCc1cccc[n+]1CC,101899392
C0328,COC(=O)c1ccc[n+](C)c1,78410
C0105,CC[n+]1ccn(CCc2ccccc2)c1,10705007
C2178,CCCCCCCCCCCCCC[N+]1(C)CCCCC1,68777859
C2080,CCCCCCCCCCCCCCCCC(CCCCCCCCCCCCCCCC)c1cc[n+](C)cc1,11801593
C0396,CC[n+]1ccn(C(c2ccccc2)c2ccccc2)c1,10590234
C1563,CCCCCC[N+](C)(C)CCOCCCC,15022167
C0822,CCCCCC[N+](CC)(CC)CCCCCC,20092195
C1600,CCCCCCCC[n+]1cc(C)cc(C)c1,46210871
C0002,CCCCCCCCCCCCCCCC[N+](C)(C)C1CCCCC1,14671691
C0230,CCCC(=O)OCC[N+](C)(C)C,17233
C1415,CCCCCCN(CCCCCC)C(N(CCCCCC)CCCCCC)=[N+](C)C,11505428
C2177,CCCCCCCCCCCC[N+]1(C)CCCCC1,189195
C1089,CCCOC(=O)C[n+]1ccccc1,12266199
C0928,CCCCCCCCn1c[n+](CCCCCCCC)c2ccccc21,25223030
C1663,CCCCCC[N+](C)(C)CC(=O)OCC,101821282
C1050,CCCn1cc[n+](CC(=O)c2ccccc2)c1,13712104
C0513,CCCCCCCCCn1c(C)[n+](CCCCCCCCC)c2ccccc21,10434651
C2069,CCCCCCOC[n+]1ccccc1,101622465
C2099,CCCCCCCCCCCC[N+](C)(C)CCOCCO,3023890
C0605,CCCCCCCC[N+](C)(C)CCO,10104284
C1771,CCCCCCCCCC[N+](C)(C)C(C)C,102472159
C0192,CCCC[n+]1ccn(-c2ccc(OC)cc2)c1,57270292
C2065,CCCCCCCC[n+]1cc(CC)ccc1C,101506977
C2176,CCCCCCCCCCC[N+]1(C)CCCCC1,89512358
C2307,CCCCCCc1cccc[n+]1CC,67583968
C2222,CCCCCCCCCCCCCC[N+](C)(C)C1CCCCC1,14671685
C1126,CCCCCCCCCn1c[n+](CCCCCCCCC)c2ccccc21,53735952
C1766,CCCCCCCCCCCCn1cc[n+](CCCCCCCCCCCC)c1,5248238
C1764,CCCCCCCCCn1cc[n+](CCCCCCCCC)c1,11395507
C1763,CCCCCCCCn1cc[n+](CCCCCCCC)c1,15495089
C1765,CCCCCCCCCCn1cc[n+](CCCCCCCCCC)c1,87897408
C1232,CC(C)COC(=O)C[n+]1ccccc1,85884628
C1884,C[N+](C)(C)CCCC(=O)O,134
C2175,CCCCCCCCCC[N+]1(C)CCCCC1,20286157
C0607,COC(=O)C[n+]1ccccc1,417104
C1226,CCCCCCCC[N+](CC)(CC)CC,11411485
C0476,CCN(CC)C(=O)c1ccc[n+](CC)c1,788077
C1371,CCCC[n+]1ccccc1-c1ccccn1,11329377
C1553,COCCOCC[n+]1ccccc1,18730305
C2235,CCCCCCCCCCCCCCCC[P+](CCC)(CCC)CCC,22491754
C0795,C[n+]1ccn(C(=O)c2ccccc2)c1,54173698
C0121,CCCCC[N+](C)(C)CC(=O)OCC,101783346
C1048,O=C(C[n+]1ccccc1)C1CCCCC1,436988
C1289,CCCC[n+]1cccc(C)c1,3510569
C1237,O=C1OCCN1C(=O)c1ccc[n+](Cc2ccccc2)c1,101130919
C1762,CCCCCCCn1cc[n+](CCCCCCC)c1,87896903
C1310,COCC[n+]1ccccc1,145574
C0203,CCC[n+]1ccccc1,176398
C1561,CCCCCCC[N+](C)(C)CCO,23621141
C2181,CCCCCCCCC[N+]1(C)CCCCC1,89512115
C2311,CCCCCc1cccc[n+]1CC,101899391
C0791,CCCCCC[n+]1cc(C)cc(C)c1,45255080
C2166,CCCCCC[n+]1ccc(C)cc1C,68578628
C1294,CCOCC[n+]1ccccc1,14495367
C2341,CCCCCC[N+](C)(C)CCC,23088822
C1950,CCCC[n+]1cc[nH]c1-c1ccccc1,14438469
C1554,COCCOCCOCC[n+]1ccccc1,101689366
C1767,CCCCCCCCCC[N+]1(C)CCCC1,20401938
C1083,CCCC[n+]1ccc(N(C)C)cc1,12039957
C0342,CCCCCCCCCCn1cc[n+](C)c1C,23105203
C0062,CC[n+]1ccccc1,15928
C0921,O=C(O)C[n+]1ccccc1,80440
C2368,CCCCCCCCCCn1cc[n+](CCCCCCCCCC)c1C,2775941
C1202,CCCCCCCC[P+](CCCC)(CCCC)CCCC,20519090
C1095,CCCC[N+](C)(C)C,24399
C0313,CCCC[N+](C)(C)CCCC,18615673
C1624,CCCCCC[n+]1ccn(-c2ccccc2C)c1,58249731
C0557,CCCCCCC[N+](CC)(CC)CC,14389559
C0804,CC[n+]1cccc(C(C)=O)c1,10082555
C1190,CCCCCCCC[N+](C)(C)C1CCCCC1,14671667
C0713,CCCCCCCCCc1n(C)cc[n+]1Cc1ccccc1,87809416
C0344,CC(C)CCC[N+](C)(C)C,58070799
C1761,CCCCCCn1cc[n+](CCCCCC)c1,13045372
C1973,CCCCOCC[N+](C)(C)CCCC,86249080
C0366,Cn1cc[n+](CC(=O)c2ccc3ccccc3c2)c1,4188095
C0130,CCCCCCCCCCCCCCCCCCCC[n+]1ccn(C)c1,87615860
C1300,OCCC[n+]1ccccc1,459573
C1683,CCCCCCCCCC(=O)OCC[N+](C)(C)COCCCCC,11199838
C1108,Cn1cc[n+](CCCc2ccccc2)c1,10752335
C1146,COc1ccc(C(=O)C[n+]2ccn(C)c2)cc1,1912897
C1684,CCCCCCCCCC(=O)OCC[N+](C)(C)COCCCCCC,11223132
C0365,CC(C)OC(=O)C[n+]1ccccc1,85615784
C0168,CCCCCCCC[N+]1(C)CCCCC1,14182175
C1685,CCCCCCCCCC(=O)OCC[N+](C)(C)COCCCCCCC,11384260
C1099,CCOc1ccc(C(=O)C[n+]2ccn(C)c2)cc1,13712100
C1270,CCCCCCCC[n+]1csc2ccccc21,72734631
C1682,CCCCCCCCCC(=O)OCC[N+](C)(C)COCCCC,11314554
C0599,C[n+]1ccccc1,13597
C0813,CCCCC[N+](CC)(CC)CCCCC,87534181
C1639,COCCOCC[N+](C)(C)C,13963307
C1686,CCCCCCCCCC(=O)OCC[N+](C)(C)COCCCCCCCC,11316160
C0189,CCCCCC[P+](CC)(CCCCCC)CCCCCC,12139256
C2058,CCCc1ccc[n+](C)c1,69392971
C1551,CCCCCCCCC[N+]1(C)CCCC1,66835403
C0633,CCCCCCCc1n(C)cc[n+]1Cc1ccccc1,87805767
C1613,CC(=O)OCC[N+](C)(C)C,187
C1147,C[n+]1ccc(CCCO)cc1,23397698
C0875,CCCCCCCCCCCc1n(Cc2ccccc2)cc[n+]1CCCCC,54462797
C1476,CCCCCC[P+](CCC)(CCCCCC)CCCCCC,86043172
C2330,CCC[n+]1ccc(C)cc1,4521251
C0585,Cn1cc[n+](Cc2ccccc2)c1Sc1ccccc1,10522575
C0403,CCCCCCCn1cc[n+](CC(=O)c2ccc(NS(C)(=O)=O)cc2)c1,13763360
C1687,CCCCCCCCCOC[N+](C)(C)CCOC(=O)CCCCCCCCC,11430502
C1059,CCC[n+]1cccc(C(N)=O)c1,408389
C0081,CCCCCCCCCCCCCCCCCC[n+]1ccn(C)c1,2734234
C0471,CCCCC[N+](C)(C)CC,23088838
C1124,Cn1cc[n+](CC(=O)c2cccc3ccccc23)c1,44313589
C0337,CCCC[N+](C)(CCCC)CCCC,36209
C0976,CCCCCCCCCCCCCCCC[n+]1ccn(C)c1,2734232
C1288,CCCC[n+]1ccccc1C,13240378
C1688,CCCCCCCCCCOC[N+](C)(C)CCOC(=O)CCCCCCCCC,11316865
C1602,CCCC[n+]1cccc(C)c1C,101506978
C2043,CCCCCCCCCCCOC[N+](C)(C)CCO,11255333
C1537,CCCCCC[N+](C)(C)CCO,10035083
C0777,O=S(=O)(O)CCC[n+]1ccccc1,84930
C1664,CCCC[N+](C)(C)CC(=O)OCC,91805186
C0059,CCCCCCCCCCCCCCC[n+]1ccn(C)c1,4140617
C0650,CC[n+]1ccc(C(N)=O)cc1,21766073
C1042,COc1ccc(C(=O)C[n+]2ccn(C)c2)cc1OC,1596743
C1955,CCCCCC[N+]1(C)CCCCCC1,139196089
C1307,CCCC[n+]1ccc(C)c(C)c1,22568358
C1269,CCCCCCC[n+]1csc2ccccc21,14933986
C2308,CCCCc1cccc[n+]1CC,101899390
C0250,CC[n+]1ccc(C)cc1,3711856
C2298,CCCCCCCCCCCCCCCC[n+]1ccn(C)c1C,53358213
C1681,CCCCCCCCCC(=O)OCC[N+](C)(C)COCCC,11187266
C1689,CCCCCCCCCCCOC[N+](C)(C)CCOC(=O)CCCCCCCCC,11431203
C1201,CCCCCCC[P+](CCCC)(CCCC)CCCC,20458629
C0922,NC(=O)CC[n+]1ccccc1,416200
C0352,CCCCCC[N+](CC)(CC)CC,193021
C1593,CCCCCCC[N+]1(C)CCCCC1,23088833
C0665,CCCCCCCCCCCCCC[n+]1ccn(C)c1,2734230
C0698,Cn1cc[n+](CC(=O)c2ccccc2)c1,425033
C0810,Cn1cc[n+](Cc2ccccc2)c1,10560336
C1690,CCCCCCCCCCCCOC[N+](C)(C)CCOC(=O)CCCCCCCCC,11340545
C1317,CCCCCCCC[N+]1(C)CCCC1,20435527
C2031,CCCCCCCCC[n+]1cccnc1,23148575
C0886,CCCCCCCCCCCCCCCCn1c(C)[n+](CCCCCCCCCCCCCCCC)c2ccccc21,21792522
C1326,CCCCCCCCCC[n+]1ccn(CC)c1,54395086
C2098,CCCCCCCCCC[N+]1(C)CCOCC1,20435525
C1760,CCCCCn1cc[n+](CCCCC)c1,87106874
C0359,Cc1ccc(C(=O)C[n+]2ccn(C)c2)cc1,3130804
C0754,CCc1ccc(C(=O)C[n+]2ccn(C)c2)cc1,13712082
C0274,NC(=O)C[n+]1ccccc1,412680
C0551,CC(=O)C[n+]1ccccc1,408049
C0323,Cc1n(C)cc[n+]1CC(=O)c1ccc(Cl)cc1,12277634
C1136,CCCCCCCCCCCC[P+](CC)(CC)CC,21296883
C1625,CCCC[n+]1ccn(-c2ccccc2C)c1,58249727
C1668,CCCC[n+]1ccn(CCCNCc2ccccc2O)c1,102595022
C1268,CCCCCC[n+]1csc2ccccc21,85570737
C0102,CC(=O)OCCCC[n+]1cccc(O)c1,16206999
C0280,CCCCCCCC[n+]1ccn(CCC)c1,87643583
C2067,CCCCCCCC[n+]1cc(C)cc(C)c1C,46210873
C0780,Cc1cccc(C[N+](C)(C)CCO)c1C,437096
C2294,CCCCCCCCCC[NH2+]CCCCCCCCCC,21470588
C1073,CC(=O)Nc1cccc(C(=O)C[n+]2ccn(C)c2)c1,44313659
C0950,COc1cccc(C(=O)C[n+]2ccn(C)c2)c1,147053
C0577,Cn1cc[n+](CCc2ccccc2)c1,10683229
C0343,Cn1cc[n+](CC(=O)c2ccc(Cl)cc2)c1,2264189
C1628,Cc1ccccc1-n1cc[n+](C)c1,132545438
C1097,C[n+]1cccc(CCCO)c1,10540607
C0723,CCCCCCCCCCCC[n+]1ccn(C)c1,2734228
C0115,Cc1n(CCC(C(N)=O)(c2ccccc2)c2ccccc2)cc[n+]1Cc1ccccc1,15516745
C1151,CCOc1cccc(C(=O)C[n+]2ccn(C)c2)c1,13712078
C0117,CCCCCCCCCCC[n+]1ccn(-c2c(C)cc(C)cc2C)c1,58249730
C1636,CCCCCCCCC[N+]1(C)CCOCC1,15768571
C1063,CCCOc1cccc(C(=O)C[n+]2ccn(C)c2)c1,44313964
C0540,COc1ccccc1C(=O)C[n+]1ccn(C)c1,13712096
C0971,Cn1cc[n+](CC(=O)c2ccc(C(N)=O)cc2)c1,44313771
C1592,CCCCCC[N+]1(C)CCCCC1,23088823
C1541,CCC[n+]1cccc(C)c1,3634933
C0530,OCC[n+]1ccccc1,118751
C0221,CCCCNC(=O)Cn1cc[n+](C)c1,87942630
C2025,CCCCCCCCC=CCCCCCCCCn1cc[n+](C)c1,73453992
C0182,CCCCCC[P+](CCCC)(CCCC)CCCC,4161863
C0697,CCCCCCCCCCCC[N+](CC)(CCO)CCO,23220558
C1543,CCCCCCC[N+]1(C)CCCC1,12157911
C1187,CC[n+]1cccc(C)c1,3599605
C1997,CCCCC[N+](C)(CC)CC,23088876
C1974,CCCCC[N+](C)(C)CCO,10800055
C1111,Cc1n(CCCC(C(N)=O)(c2ccccc2)c2ccccc2)cc[n+]1Cc1ccccc1,44332944
C2165,CCCC[n+]1cc(CC)ccc1C,101506979
C0400,CC[n+]1ccc(N(C)C)cc1,15935241
C2230,CCCCCCCCCCCCCCOC[N+](C)(C)C1CCCCC1,101883908
C1488,CCCCC[N+](CC)(CC)CC,152429
C0241,CCCCCCCCCCC[n+]1ccn(C)c1,87213277
C1267,CCCCC[n+]1csc2ccccc21,12375851
C1199,CCCC[P+](CCCC)(CCCC)CCCC,75312
C1087,CCCC[n+]1cc(C)cc(C)c1,22568359
C2234,CCCCCCCCCCCC[P+](CCC)(CCC)CCC,21321011
C0900,Cc1n(CCCCC(C(N)=O)(c2ccccc2)c2ccccc2)cc[n+]1Cc1ccccc1,15516747
C0201,COc1ccc(OC)c(C(=O)C[n+]2ccn(C)c2)c1,13712094
C0943,Cc1n(CCC(C(N)=O)(c2ccccc2)c2ccccc2)cc[n+]1Cc1ccc(-c2ccccc2)cc1,44333130
C1770,CCCCCC[N+](C)(C)C(C)C,102472160
C0110,CCCCCCCC[n+]1c(C)n(CCCCC(=O)O)c2cc(Cl)c(Cl)cc21,10907155
C0119,Cc1ccc(C[n+]2ccn(CCC(C(N)=O)(c3ccccc3)c3ccccc3)c2C)cc1,44333224
C1200,CCCCC[P+](CCCC)(CCCC)CCCC,18522560
C2297,CCCCCCCC[N+]1(CC)CCCCC1,211628
C0956,CCCCCCCC[n+]1c(C)n(CCCCCC(=O)O)c2cc(Cl)c(Cl)cc21,11081738
C0242,CCCCCCCC[n+]1ccn(CC)c1,53960491
C1635,CCCCCCCC[N+]1(C)CCOCC1,4422369
C1064,CCCCCCC[n+]1c(C)n(CCCC(=O)O)c2cc(Cl)c(Cl)cc21,11733322
C2219,CCCCCn1cc[n+](CCCC)c1,87181050
C1032,CCCCCCCCCC[n+]1c(C)n(CCCC(=O)O)c2cc(Cl)c(Cl)cc21,11813186
C1992,CCCCn1cc[n+](Cc2cn(Cc3ccccc3)nn2)c1,102453582
C0211,CCCCCCCC[n+]1c(C)n(CC(=O)O)c2cc(Cl)c(Cl)cc21,11048667
C0945,CCCCCC[n+]1ccn(-c2c(C)cc(C)cc2C)c1,58249707
C0127,CCCCCCCC[n+]1c(C)n(CCC(=O)O)c2cc(Cl)c(Cl)cc21,10939566
C0309,CCCCCCCCCCC[n+]1c(C)n(CCCC(=O)O)c2cc(Cl)c(Cl)cc21,11038648
C0874,Cc1n(CCC(C(N)=O)(c2ccccc2)c2ccccc2)cc[n+]1Cc1ccc(Cl)cc1,44332936
C1282,CCCCCC[N+]1(CCCCCC)CCCC1,23148576
C0382,Cc1ccc(C(=O)C[n+]2ccn(C)c2)cc1C,13712102
C0171,CCCCCCCCn1c(C)[n+](CCCC(=O)O)c2cc(Cl)c(Cl)cc21,23247900
C0019,Cc1cccc(C(=O)C[n+]2ccn(C)c2)c1,13712092
C0682,CCCCCCCCCCCC[N+](C)(CC)Cc1ccccc1,14494876
C0515,CCCCCCCCCC[n+]1ccn(C)c1,2734226
C0009,CCCCCC[n+]1ccc(N(C)C)c(C)c1,45254873
C2186,CCCCCCCCCOCn1cc[n+](C)c1,101112355
C0469,CC(C)C[n+]1ccccc1,13638949
C2013,COCCOCC[N+](C)(C)CCOCCOC,20793334
C0329,C[N+](C)(C)CCCCS(=O)(=O)O,46854038
C0616,CCOC(=O)C(C(=O)OCC)[n+]1ccccc1,422957
C1878,CCCCn1cc[n+](CCCCCCO)c1,101965282
C0126,Cc1ccccc1C(=O)C[n+]1ccn(C)c1,13712084
C1803,C[N+](C)(CCO)c1ccccc1,44335202
C0452,COCC[N+](C)(C)C,20230
C0367,CCOC(=O)c1ccc[n+](CCF)c1,67877
C1738,C=CC[n+]1ccn(CCCCCCCCCCCCCC)c1,101803097
C2120,CCC[n+]1ccccc1C,3808515
C1591,CCCCC[N+]1(C)CCCCC1,23088845
C1231,CC(C)C(=O)C[n+]1ccccc1,411362
C1954,CCCC[N+]1(C)CCCCCC1,22406042
C0683,Cc1cccc(C[n+]2ccn(CCC(C(N)=O)(c3ccccc3)c3ccccc3)c2C)c1,44333239
C0479,CC[n+]1ccccc1C,209347
C0070,Cn1cc[n+](CC(=O)c2cccc(Cl)c2)c1,44313700
C0025,CCCC[N+](C)(C)CC,14022617
C0821,CCCCCC[N+]1(C)CCCC1,10490879
C0402,NNC(=O)C[n+]1ccccc1,70774
C0200,Cc1ccccc1C[n+]1ccn(CCC(C(N)=O)(c2ccccc2)c2ccccc2)c1C,44333110
C0368,C[N+](C)(C)CCOCCO,162491
C0156,CCCC[N+](C)(C)CCC,23088837
C0898,Cc1n(CCC(C(N)=O)(c2ccccc2)c2ccccc2)cc[n+]1Cc1ccc(Br)cc1,44215004
C0808,Cc1n(CCC(C(N)=O)(c2ccccc2)c2ccccc2)cc[n+]1Cc1cccc(Cl)c1,44332938
C0300,Cc1n(CCC(C(N)=O)(c2ccccc2)c2ccccc2)cc[n+]1Cc1ccccc1Cl,44333236
C0239,O=C(O)CCCn1cc[n+](CCCC(=O)O)c1,101363754
C0691,COc1cc(OC)cc(C(=O)C[n+]2ccn(C)c2)c1,13712098
C1634,CCCCCCC[N+]1(C)CCOCC1,118645820
C2227,CCCCCCCCOC[N+](C)(C)C1CCCCC1,85917406
C2185,CCCCCCCCOCn1cc[n+](C)c1,13452165
C1864,CC[N+](C)(C)CCOCCOC,59669248
C0261,Cn1cc[n+](CC(=O)c2ccccc2F)c1,44313725
C0509,CCCCCCCCC[n+]1ccn(C)c1,10017027
C1085,ClCCC[n+]1ccccc1,12600798
C1737,C=CC[n+]1ccn(CCCCCCCCCCCC)c1,89612671
C2117,CCCCCCCC[NH+](CCCCCCCC)CCCCCCCC,3819846
C0790,CCCC[N+](CCCC)(CCCC)CC(=O)OCC,408226
C1192,CCCC[N+](C)(C)C1CCCCC1,53692501
C1023,COc1cccc(C(=O)C[n+]2ccn(C)c2)c1OC,44314059
C1777,CC[P+](CC)(CC)Cc1ccccc1,4465251
C0320,CCCCCCCCCCCC[N+](C)(CCCC)Cc1ccccc1,14494878
C1266,CCCC[n+]1csc2ccccc21,159173
C0653,Cn1cc[n+](CC(=O)c2ccc(Cl)c(Cl)c2)c1,1606269
C1957,COCCOCC[N+]1(C)CCCCCC1,66777143
C1293,CC[N+](C)(C)CCCOC,57932032
C1006,CCCCn1cc[n+](CCCC)c1,11277167
C1195,CCOCC[N+](C)(C)CCOCC,101539026
C0731,Cn1cc[n+](CCc2ccc([N+](=O)[O-])cc2)c1,102197546
C0149,CCOC(=O)C[N+](C)(C)CC,101783348
C1213,CCCCCCCCCC[P+](CC)(CC)CC,18433454
C2215,CC[N+](C)(C)CCOC(C)=O,15029196
C0086,CCCC[n+]1ccn(-c2c(C)cc(C)cc2C)c1,58249739
C0929,Cc1ccc(C(=O)C[n+]2ccn(C)c2)c(C)c1,13712090
C0347,CCCCCCC(=O)C[N+](CC)(CC)CC,14225138
C0766,C=CCn1cc[n+](CCCCCCCCCC)c1C,88538257
C1557,CCCCCCCC[P+](C)(C)C,17843847
C0740,Cc1ccc[n+](CCO)c1,5142487
C0888,CCCCCCCC[n+]1ccn(C)c1C,21321828
C0188,C[n+]1ccn(CCCC(=O)O)c1,58194022
C0756,CCCC[N+](CC)(CC)CC,45719
C1539,CCCCC[N+](C)(CCC)CCC,23088840
C1630,CCCCCC[P+](CCCCCC)(CCCCCC)CC(C)C,102158923
C1949,CCCC[n+]1c[nH]c2ccccc21,67958939
C0466,Cc1n(CCC(C(N)=O)(c2ccccc2)c2ccccc2)cc[n+]1Cc1ccc([N+](=O)[O-])cc1,44333112
C0488,C[N+](C)(C)CCCS(=O)(=O)O,30838
C1079,Cc1cc(C)c(-n2cc[n+](C)c2)c(C)c1,59664106
C1582,Cc1ccc[n+](C)c1,435096
C1230,CCC(=O)C[n+]1ccccc1,411360
C0627,CCCCCCCCCOCn1cc[n+](COCCCCCCCCC)c1,11156758
C1194,CCOCC[N+](C)(C)CCOC,101539025
C0073,CCCCCCCCCCOCn1cc[n+](COCCCCCCCCCC)c1,11202769
C0981,CCCC[N+](C)(CC)CC,23393389
C1560,CCCC[N+](C)(C)CCO,14685487
C0290,CCCCCCCC[n+]1ccn(C)c1,2734224
C1298,CCCCCC[n+]1ccn(CC)c1,57454852
C0925,Cc1cc[n+](CCCBr)cc1,9994626
C1633,CCCCCC[N+]1(C)CCOCC1,15768568
C1736,C=CC[n+]1ccn(CCCCCCCCCC)c1,89612747
C0987,CCCCCCCCOCn1cc[n+](COCCCCCCCC)c1,11201504
C1172,CCOC[n+]1ccccc1,21867869
C2374,C[N+](C)(C)CCCO,23169
C2014,CC[N+](CCOCCOC)(CCOCCOC)CCOCCOC,132916521
C1870,CCCCNC(=O)C[n+]1ccn(CC)c1,102491067
C0076,CCCCCCCCCCCCOCn1cc[n+](COCCCCCCCCCCCC)c1,11216384
C1617,CCCCCCCCCCCCCC[PH3+],149434270
C1018,CCCCCCCCCCCOCn1cc[n+](COCCCCCCCCCCC)c1,11168433
C2231,CCOCCOCC[N+](CC)(CC)CC,101470513
C0397,CCCCC[N+]1(C)CCCC1,12157908
C0016,CCCC[N+](CCCC)(CCCC)CCCS(=O)(=O)O,11045025
C2264,C=CC(=O)OCCCCCC[N+]1(C)CCCCC1,102176262
C2241,C=CC(=O)OCCCCCCn1cc[n+](C)c1,87382880
C0065,CCCCCCCCCCCCCCCCn1cc[n+](CC(C)=NO)c1,3759488
C0137,CCCC[N+]1(C)CCCCC1,4342487
C1678,CCCCCCCOCn1cc[n+](COCCCCCCC)c1,11233741
C0013,C=CC[N+](C)(CCOC(=O)CCCCCCCCCCCCCCC)CCOC(=O)CCCCCCCCCCCCCCC,196283
C1638,COCCOCC[N+]1(C)CCCCC1,66974045
C0068,CCC[N+](C)(CC)Cc1ccccc1,53669874
C1956,COCC[N+]1(C)CCCCCC1,66777696
C1749,CCCCCOCC[N+]1(C)CCOCC1,101731128
C1698,C[N+]1(CCCCCCN)CCCC1,89695298
C1580,CCCCCC[n+]1cc(CC)cc(CC)c1CCC,45254871
C2150,Cc1ccc[n+](CC(C)C)c1,68968411
C0533,COCC[N+](CCOC)(CCOC)CCOC,88560772
C1793,COCCC[N+]1(C)CCCCC1,54613450
C1991,Cn1cc[n+](Cc2cn(Cc3ccccc3)nn2)c1,102453580
C0348,CCCCCCCCCCCCCCCC[N+](C)(C)C(C)O,17840069
C1319,CCOCC[N+](C)(C)CC,49819957
C1193,COCC[N+](C)(C)CCOC,57832181
C1776,CCCCCCC[n+]1ccn(C)c1C,87615613
C0705,C[n+]1ccn(CCCSC(=S)N(c2ccccc2)c2ccccc2)c1,11477793
C0878,CCCCN(C)C(=O)Cn1cc[n+](C)c1,87942782
C2184,CCCCCCOCn1cc[n+](C)c1,13452163
C2217,CCCC[n+]1ccn(CCC(C)C)c1,102127061
C1212,CCCCCCCCC[P+](CC)(CC)CC,87777262
C1595,CCCCC[N+]1(CC)CCCCC1,430073
C0656,CCC[N+](CCC)(CCC)CCC,9559
C1677,CCCCCCOCn1cc[n+](COCCCCCC)c1,11257600
C0865,CCOC(=O)C[N+](C)(CC)CC,76281646
C0322,CCCCn1n[n+](CCCC)c2ccccc21,15639331
C2355,CCCCCCCCC[NH3+],21976041
C2211,CCCCn1cc[n+](CCOCC)c1,153953320
C2133,CCCCCc1c(C)cc(C)c[n+]1CCCC,122227491
C2208,CCCCn1cc[n+](CCOC)c1,87173554
C0293,CCCCCCC[n+]1ccn(C)c1,10730105
C2066,CCCC[n+]1cc(C)cc(C)c1C,46210728
C1287,Cn1cc[n+](CCCCCCCCO)c1,89439168
C0336,CC[n+]1cccc(O)c1,198591
C1877,CCn1cc[n+](CCCCCCO)c1,101965281
C2249,C=CC(=O)OCCCCCCn1cc[n+](CC)c1C,87382541
C1579,CCCCCC[n+]1cc(C)cc(C)c1CC,45254874
C1632,CCCCC[N+]1(C)CCOCC1,415897
C1462,C[N+](C)(C)CCCC(F)(F)F,102173749
C1072,CCOCC[N+](CC)(CC)CC,216869
C2242,C=CC(=O)OCCCCCCn1cc[n+](CC)c1,87382982
C0243,CCC[N+](C)(C)C,29385
C1735,C=CC[n+]1ccn(CCCCCCCC)c1,58704002
C1853,CCCCn1cc[n+](CCOCC)c1C,153953756
C0415,CCCCOC[N+](C)(C)C,3026389
C1792,CCOCC[N+]1(C)CCCCC1,66652738
C1841,CCCCn1cc[n+](CCOC)c1C,153953750
C0184,Cc1cc(C)c(C(=O)C[n+]2ccn(C)c2)c(C)c1,16114309
C1526,CC[N+](CC)(CC)CCCCS(=O)(=O)O,10243251
C2352,CCCC[n+]1ccn(CCCCS(=O)(=O)O)c1,11475375
C1697,CCCC[N+](CCC)(CCC)CCC,19180
C1538,CCCC[N+](C)(CCC)CCC,87509031
C1391,CCCCCCCn1c[n+](CCCCS(=O)(=O)O)cn1,102355294
C0375,Cn1cc[n+](CCCCCC(=O)O)c1,12964847
C1496,COCCOCC[N+]1(C)CCCC1,12157917
C1855,CCOCC[n+]1ccn(CCCOC)c1C,158293232
C1210,CCCCCCCC[P+](CC)(CC)CC,18769208
C0749,CCCCCCCCCCCCCCCC[N+](C)(C)CC(O)CO,15083891
C0625,C=CC[n+]1ccccc1,82381
C1676,CCCCCOCn1cc[n+](COCCCCC)c1,11330278
C0918,CC[N+](C)(C)CCOC,18711577
C2183,CCCCCOCn1cc[n+](C)c1,101737621
C1036,CCCCCC[n+]1ccn(C)c1C,2734170
C1499,CCCCCCCCSC(N(C)C)=[N+](C)C,87470462
C0687,CC[N+](CC)(CC)CC,5413
C1834,Cn1cc[n+](CCCC2CCCCC2)c1,132536928
C2299,CCCCCCCC[NH2+]CCCCCCCC,3412413
C0497,COc1ccc(-[n+]2ccn(C)c2)cc1,88851521
C1060,C=C(C[n+]1ccccc1)C(=O)O,12758252
C2371,CCOC(=O)C[N+]1(C)CCCC1,89171
C1987,CCCCCC[n+]1ccn(Cn2nc(C)cc2C)c1C,11512373
C1186,C[N+](C)(C)CC(=O)O,248
C0351,CCCCCCCCCCCC[N+](C)(CC)CC(=O)O,14494890
C1769,CCCC[N+](C)(C)C(C)C,14022621
C0728,COCC[N+]1(C)CCCCC1,3095445
C1198,CCCC[P+](CCC)(CCCC)CCCC,18386502
C0767,CC[N+](C)(C)C,33993
C0260,CC[N+](CC)(CC)CCOC,3026728
C2353,CCCC[n+]1ccn(CCCS(=O)(=O)O)c1,44248949
C0315,CCCC[N+]1(C)CCCC1,11009533
C1311,COCCC[N+]1(C)CCCC1,58400622
C0054,FCC[n+]1ccccc1,67620
C0646,CCOn1cc[n+](CC(=O)c2ccc(Cl)cc2)c1,14663912
C2233,CCCCCCCC[P+](CCC)(CCC)CCC,87507614
C1565,CCCCn1cc[n+](CCCN)c1,58850395
C1039,CCCC[n+]1nn(CC)c2ccccc21,68900420
C1594,CCCC[N+]1(CC)CCCCC1,430072
C1649,CCOCC[n+]1ccn(CCOC)c1C,154510514
C1286,CC[N+](C)(C)CCCO,130040
C0190,CCCCCC[n+]1ccn(C)c1,2734164
C2212,CCOCC[n+]1ccn(CCOC)c1,153953361
C0157,CC[N+](CC)(CC)CCCS(=O)(=O)O,3097581
C2213,CCOCCn1cc[n+](CCOCC)c1,59112282
C0406,CC[N+](C)(CC)CCOC,11487124
C0994,CCCCCCCCCCCCCCC(O)C[N+](C)(C)CCO,3020020
C0501,CC[N+](CC)(CC)CCCO,193912
C1650,CCOCCn1cc[n+](CCOCC)c1C,158779301
C0580,CCCC(C(=O)OCC[N+](C)(CC)CC)c1ccccc1,52016
C2209,COCCn1cc[n+](CCOC)c1,87746224
C1852,CCCn1cc[n+](CCOCC)c1C,153953742
C0751,OCC[n+]1cccc(O)c1,16207035
C1197,CCCC[P+](CC)(CCCC)CCCC,10971440
C1994,CCCCn1cc[n+](Cc2cn(CCCC)nn2)c1,102453583
C2317,C=CC[N+](CCCC)(CCCC)CCCC,3024223
C0459,CCCC[n+]1nn(C)c2ccccc21,68896765
C1053,CC[N+](CC)(CCOC)CCOC,59248291
C1741,C=C[n+]1ccn(CCCCCCCCCC)c1,86657885
C1694,CCCCCCCCSc1n(C)cc[n+]1CC,102292957
C1211,CCCCCCC[P+](CC)(CC)CC,21869105
C1840,CCCn1cc[n+](CCOC)c1C,153953736
C0895,CCCCCCCOC[n+]1ccn(C)c1,101112354
C2102,CCCC[P+](CCCC)(CCCC)CC(=O)OCC,6332710
C2079,CCCCCCCCCCCCc1cc[nH+]cc1,100971516
C1995,CCCCn1cc(C[n+]2ccn(CCCC)c2C)nn1,102453581
C2210,CCCn1cc[n+](CCOCC)c1,153953315
C2379,CCCCCCCC[P+](CCCCCCCC)(CCCCCCCC)CCC(F)(F)C(F)(F)C(F)(F)C(F)(F)F,101837984
C0750,CCCC[N+]1(C)CCOCC1,13123885
C1817,COCCC[N+]1(C)CCOCC1,66811349
C2356,CCCCCCCC[NH3+],3691730
C2040,CCCC[N+](CCC(C)C)(CCC(C)C)CCC(C)C,53848608
C1596,C[N+]1(CCCO)CCCCC1,17927964
C1461,CC[N+](C)(C)CCCC(F)(F)F,102173750
C1308,CCOCC[N+]1(C)CCCC1,12157915
C2104,CCCC[P+](CCCC)(CCCC)CCOCCOCCOC,101561910
C0010,CCCCCC[P+](C)(C)C,21869097
C2207,CCCn1cc[n+](CCOC)c1,87173555
C1775,CCCCC[n+]1ccn(C)c1C,87508596
C1734,C=CC[n+]1ccn(CCCCCC)c1,87452717
C0835,CCCC[n+]1ccn(CC)c1,10313448
C0482,C[N+](C)(C)CCO,305
C0231,CCC[N+](C)(C)CC,158452
C1833,Cn1cc[n+](CCC2CCCCC2)c1,132536927
C1643,CCOCC[N+]1(CCOC)CCCCC1,134716499
C0038,CCCCOCn1cc[n+](COCCCC)c1,11198219
C1876,Cn1cc[n+](CCCCCCO)c1,89438930
C1275,CC(C)CCCC[n+]1ccn(C)c1,87616469
C2182,CCCCOCn1cc[n+](C)c1,101737622
C0052,CCCn1cc[n+](C)c1C,4183883
C1161,C[N+]1(CCCC(F)(F)F)CCCCC1,162621088
C2351,C[n+]1ccn(CCCS(=O)(=O)O)c1,10465512
C0467,CCOn1cc[n+](Cc2ccc([N+](=O)[O-])cc2)c1,14663900
C1986,CCCC[n+]1ccn(Cn2nc(C)cc2C)c1C,11502044
C0272,CCC[N+](C)(CC)CC,4167058
C1577,CCCCCCC[N+](CC)(C(C)C)C(C)C,87089389
C1375,CCCCn1c[n+](CCCCS(=O)(=O)O)cn1,102355302
C1983,CCCCCC[n+]1ccn(Cn2cccn2)c1C,11541005
C1968,CCCCCCNCC[NH3+],102191152
C2078,C=CC[n+]1cccc(C)c1,54057110
C2430,CC[n+]1ccn(CCOC)c1,87105057
C1642,COCC[N+]1(CCOC)CCCCC1,69234795
C0649,CC[N+](C)(CC)CCCC(F)(F)F,102173751
C0575,CCCn1cc[n+](CCC)c1,11031768
C2131,CC(C)C[N+]1(C)CCCCC1,57283857
C0494,CCO[n+]1ccc(OC)cc1,22011106
C1816,CCOCC[N+]1(C)CCOCC1,66811188
C1550,CCC[N+](C)(C)CCO,13778190
C0931,C=CCn1cc[n+](CCCCC)c1,58704006
C1153,COC(=O)C[N+]1(C)CCCC1,89169
C0782,CCCCC[n+]1ccn(C)c1,10537570
C0871,CC[N+]1(C)CCCCC1,20154
C0141,COCC[N+]1(C)CCCC1,12157913
C1758,CCCC[N+]1(CC)CCCC1,23088826
C1179,CCCCCCSC(N(C)C)=[N+](C)C,87807165
C2204,CCCCn1cc[n+](COCC)c1,125115285
C0155,CCC[N+]1(C)CCCCC1,16726631
C0383,Cn1cc[n+](C(C)(C)C(=O)c2ccccc2)c1,13712080
C1566,CCCC[P+](CCCC)(CCCC)CCCN,87059256
C1867,CCC[N+](C)(CCC)CCC,77068
C1660,CCCCC[S+](C)C,203603
C2103,CCCC[P+](CCCC)(CCCC)CC(=O)O,6332108
C1207,C[N+]1(CCO)CCCCC1,209566
C1895,COCCc1n(CCOC)cc[n+]1C,87916210
C0942,CCCCCCCCCCCC[N+](C)(CC)COCC,14494894
C1774,CCCC[P+](CCO)(CCCC)CCCC,10945937
C1645,CCn1cc[n+](CCOC)c1C,87530056
C0668,C[n+]1ccn(CCCSC(=S)N2CCOCC2)c1,11419017
C1934,CCCCn1cc[n+](COCC)c1C,153953754
C1641,CCOCC[N+]1(CCOC)CCCC1,134716488
C1740,C=C[n+]1ccn(CCCCCCCC)c1,86657883
C0381,CCC[N+](C)(CC)CCC,20376278
C1858,CCCCn1cc[n+](CCOCC)c1CC,153953757
C1306,CC[N+](C)(C)CCO,25781
C1861,CCOCC[n+]1ccn(CCCOC)c1CC,157317338
C1051,COCC[N+]1(C)CCOCC1,11247661
C0496,CCCCOC[n+]1ccn(COCCC)c1,101112364
C0924,C=CC[n+]1cn(C)c2ccccc21,3797223
C1597,CC[N+]1(CCCO)CCCCC1,54551317
C1846,CCCCn1cc[n+](CCOC)c1CC,153953751
C1850,CCc1n(CCCOC)cc[n+]1CCOC,153911416
C1985,Cc1cc(C)n(Cn2cc[n+](C)c2C)n1,11562141
C0441,CC[N+](C)(C)CC,199517
C0103,C[N+]1(C)CCCCC1,18743
C0594,Cn1cc[n+](CC(=O)c2ccco2)c1,44313359
C1160,C[N+]1(CCCC(F)(F)F)CCCC1,44229487
C0860,CCOn1cc[n+](Cc2ccc(Cl)cc2Cl)c1,14663902
C2380,CCCCCCCC[P+](CCCCCCCC)(CCCCCCCC)CCC(F)(F)C(F)(F)C(F)(F)C(F)(F)C(F)(F)C(F)(F)F,86611565
C1782,C[n+]1ccn(C[Si](C)(C)c2ccccc2)c1,57466202
C0063,FC(F)(F)C(F)(F)C(F)(F)C(F)(F)C(F)(F)C(F)(F)CC[n+]1ccc(-c2ccncc2)cc1,101266883
C1924,CCCCn1cc[n+](COC)c1C,153953748
C1206,C[N+]1(CCCO)CCCC1,68799031
C1640,COCC[N+]1(CCOC)CCCC1,69235115
C1832,Cn1cc[n+](CC2CCCCC2)c1,87187186
C0913,CCCC[S+](CCCC)CCCC,6328977
C2206,CCOCCn1cc[n+](COCC)c1,153953362
C0214,CCn1cc[n+](CC)c1C,58293260
C1695,CCCCCC[n+]1ccn(C)c1SC,102292956
C1791,CCOC[N+]1(C)CCCCC1,69232761
C1935,CCOCCn1cc[n+](COCC)c1C,153953812
C1348,COCCOCC[n+]1ccn(C)c1,89512819
C2082,CCCCCCCCCc1cc[nH+]cc1,154500099
C1908,CC[n+]1ccn(CCOC)c1CCOC,87916237
C1381,CCCCCCCCCC[n+]1cn(CCC(F)(F)F)cn1,10908042
C1098,CCCC[n+]1ccn(C)c1C,2734168
C1860,CCOCCn1cc[n+](CCOCC)c1CC,158037625
C2194,CCCOC(=O)OCC[n+]1ccn(C)c1,90344998
C2199,CCCCn1cc[n+](COC)c1,87508150
C0597,CC[N+](C)(CC)CC,70440
C0706,CCCCCCCCCCn1c[n+](CCC(F)(F)C(F)(F)C(F)(F)C(F)(F)F)cn1,10984749
C1274,CC(C)CCC[n+]1ccn(C)c1,10705619
C1849,CCOCCn1cc[n+](CCOC)c1CC,153911415
C0685,CCCn1cc[n+](CCC)c1CC(C)C,135351441
C1981,CCCC[n+]1ccn(Cn2cccn2)c1C,11564380
C1271,C[N+]1(CCCO)CCOCC1,53730041
C0161,CCCCC[P+](CC)(CC)CC,18769294
C1848,CCc1n(CCOC)cc[n+]1CCOC,159169894
C0489,CCN(CC)C(=O)C[n+]1ccn(C)c1,24851357
C0229,CCCCOC(CC)C[N+](C)(C)C,115402
C1857,CCCn1cc[n+](CCOCC)c1CC,102060579
C0954,CC(C)Cn1cc[n+](CC(C)C)c1,12982422
C1947,CCOCC[N+](C)(C)COC,101539024
C0128,CCCCC(C[N+](C)(C)C)OCC,138753425
C2151,CC(C)C[N+]1(C)CCCC1,57545144
C1208,CC[N+]1(CCO)CCCCC1,20435534
C1933,CCCn1cc[n+](COCC)c1C,153953740
C0162,CCn1cc[n+](C)c1C,2734166
C1988,CCCCn1cc(C[n+]2ccn(C)c2C)nn1,102453579
C1558,Cn1cc[n+](CCCCS(=O)(=O)O)c1,11290045
C2218,CCCCn1cc[n+](C2CCCC2)c1,102127062
C1845,CCCn1cc[n+](CCOC)c1CC,153953737
C1925,COCCn1cc[n+](COC)c1C,153953808
C1733,C=CC[n+]1ccn(CCCC)c1,23154596
C1290,COCCC[n+]1ccn(C)c1,87401390
C1675,CCCOCn1cc[n+](COCCC)c1,11260418
C1150,FC(F)(F)C(F)(F)C(F)(F)C(F)(F)C(F)(F)C(F)(F)C(F)(F)C(F)(F)CC[n+]1ccc(-c2ccncc2)cc1,101266884
C0172,CCCCCCCn1c[n+](CCC(F)(F)C(F)(F)C(F)(F)C(F)(F)F)cn1,11050749
C1196,CCCC[P+](C)(CCCC)CCCC,2760115
C1637,COC[N+]1(C)CCCCC1,20506834
C2203,CCCn1cc[n+](COCC)c1,153953314
C2265,CC(C)=CCC[C@@H](C)CC[n+]1ccccc1,101136272
C1588,C=CC[P+](CCCC)(CCCC)CCCC,73734
C0004,C=CC[n+]1cccc(O)c1,11321226
C0505,CCCC[n+]1ccn(C)c1,2734162
C0148,CCCn1cc[n+](CC)c1CC,87365809
C1989,CCCCn1cc(C[n+]2ccn(C)c2)nn1,102453578
C1216,CCCC[P+](CCCC)(CCCC)COC,6332167
C1916,CCCC[n+]1cscc1C,11139325
C1451,CCCC[S+](C)CCCC,13743298
C1318,Cn1cc[n+](CCCCO)c1,76286998
C1768,CCC[N+](C)(C)C(C)C,22044337
C1542,C[n+]1ccn(CCC(F)(F)C(F)(F)C(F)(F)C(F)(F)F)c1,101430532
C1425,CCCCC[S+](CC)CC,85828288
C0152,CCC[N+]1(C)CCCC1,12059918
C1891,CCn1cc[n+](C)c1CCOC,87530012
C1851,CCOCC[n+]1ccn(C)c1C,87916203
C1205,C[N+]1(CCO)CCCC1,3031616
C1939,CCCCn1cc[n+](COCC)c1CC,153953755
C1830,Cn1cc[n+](CC2CCCC2)c1,101561562
C1953,CCOCn1cc[n+](C)c1C,87299483
C2381,CCCCCCCC[P+](CCCCCCCC)(CCCCCCCC)CCC(F)(F)C(F)(F)C(F)(F)C(F)(F)C(F)(F)C(F)(F)C(F)(F)C(F)(F)F,101569060
C1923,CCCn1cc[n+](COC)c1C,153953734
C0876,CC[N+]1(C)CCCC1,112265
C0318,CCC[N+]1(C)CCOCC1,421396
C2431,C=Cn1cc[n+](CCCCCC)c1,46178575
C1556,C[N+](CCO)(CCO)CCO,23438
C0057,CCCCCCCCCCCCC[PH2+]C,22750541
C1367,C=CC[N+]1(C)CCCCC1,14615525
C0312,Cn1cc[n+](CC(O)c2ccccc2)c1,13763388
C0573,CC(C(=O)c1ccccc1)[n+]1ccn(C)c1,13712086
C1670,CCCC[N+](C)(C)N,412226
C1044,C[N+]1(CCO)CCOCC1,840622
C2270,NCC(O)C[n+]1ccccc1,85981091
C0561,CC[N+]1(C)CCOCC1,103454
C1979,CCC[n+]1ccn(Cn2cccn2)c1C,11720033
C0026,CCCCCCCCCCCCn1cc[n+](CC[C@H](C)CCC=C(C)C)c1,101136268
C0722,CCOC(N(C)C)=[N+](C)C,12551198
C1133,CC(C)[N+](C)(C)CCO,15029177
C1856,CCOCC[n+]1ccn(CC)c1CC,153953727
C1946,COCC[N+](C)(C)COC,57932004
C0144,CCCCCCCCCCCCCCCCCCn1cc[n+](CC[C@H](C)CCC=C(C)C)c1,101136271
C1704,CCCCCCN(CCCCCC)[C+](N(C)C)N(C)C,13127881
C1436,CN(C)C(N(C)C)=[N+](C)C,2759274
C1930,CCCCn1cc[n+](COC)c1CC,153953749
C1176,CCCCSC(N(C)C)=[N+](C)C,87470770
C0369,C=CC[n+]1cccc(C=O)c1,14955107
C1322,CCOCC[n+]1ccn(C)c1,23105192
C2216,C=CCn1cc[n+](CCOC)c1,101909008
C1941,CCOCCn1cc[n+](COCC)c1CC,153953813
C0064,CCn1cc[n+](CC)c1,10878281
C1904,CCn1cc[n+](CC)c1CCOC,87530243
C1839,COCC[n+]1ccn(C)c1C,59602015
C1316,CCOC[N+]1(C)CCCC1,23116021
C0145,COC(=O)C[n+]1ccn(C)c1,13692524
C1279,CCCC[n+]1cnn(C)c1,101537913
C1217,COCCOC[n+]1ccn(C)c1C,121299476
C1372,CCCCn1c[n+](CCC(F)(F)C(F)(F)C(F)(F)C(F)(F)F)cn1,10886831
C1982,Cc1n(Cn2cccn2)cc[n+]1CCCC(F)(F)F,11596886
C1320,CCOC[N+](C)(C)CC,14619872
C1389,CCCCCCC[n+]1cn(CCC(F)(F)F)cn1,10940540
C1434,CCCC[S+](CC)CCCC,21871706
C1188,C[n+]1ccn(CCC(F)(F)C(F)(F)C(F)(F)C(F)(F)C(F)(F)C(F)(F)F)c1,11539210
C1705,CCCn1cc[n+](C)c1C(=O)O,138678043
C0082,C[n+]1ccn(CCO[Si](C)(C)C)c1,89851384
C1189,CCCC[n+]1ccn(CCC(F)(F)C(F)(F)C(F)(F)C(F)(F)C(F)(F)C(F)(F)F)c1,16218769
C0519,CCCC[P+](CC)(CC)CC,17948020
C0935,Cc1ccc[n+](C=CC(=O)O)c1,4063756
C1815,CCOC[N+]1(C)CCOCC1,54613448
C1978,Cc1n(Cn2cccn2)cc[n+]1C,11547049
C1011,CC[N+](C)(C(C)C)C(C)C,11299195
C0584,CC(C)CC[n+]1ccn(C)c1,10489786
C1648,CCOCC[n+]1ccn(C)c1CC,153953722
C2198,CCCn1cc[n+](COC)c1,87507612
C1890,COCCc1n(C)cc[n+]1C,87530222
C2033,CC[n+]1cccnc1,22590729
C0268,CCCC[N+](C)=C(N(C)C)N(C)C,86038637
C0074,CCCCCCCn1c[n+](CCC(F)(F)C(F)(F)C(F)(F)C(F)(F)C(F)(F)C(F)(F)F)cn1,10919864
C0704,Cc1cscc1OCCC[n+]1ccn(C)c1C,101240905
C1938,CCCn1cc[n+](COCC)c1CC,153953741
C0967,CCCCCCCCCCCC(=O)NCCCC[C@H](NC(=O)CCCCCCCCCC[n+]1ccn(C)c1)C(=O)OCC,101228815
C1837,Cn1cc[n+](C2CCCCCC2)c1,101561561
C1966,CCOCc1n(C)cc[n+]1CC,87530072
C0411,C[N+]1(C)CCCC1,200182
C1012,C=CCn1cc[n+](CCC)c1,87507868
C0716,CC[N+](CC)(CC)COC,3026730
C0905,CCCCc1c[n+](C)nn1C,134716273
C0291,COCC[n+]1ccn(C)c1,9834419
C2295,CCCCCC[NH2+]CCCCCC,3256679
C2202,CCOC[n+]1ccn(CC)c1,153953309
C2205,CCOCn1cc[n+](COCC)c1,87745268
C1564,Cc1n(CCN)cc[n+]1CCN,102205854
C1429,CCCC[S+](C)C,13743302
C0726,C=COCC[N+](CC)(CC)CC,53699150
C1652,C=C[n+]1ccn(CCCCC)c1,89713026
C1647,CCc1n(C)cc[n+]1CCOC,153953718
C1945,CC(C)[N+]1(C)CCCC1,21129355
C2314,C=CC[N+](CC)(CC)CC,20152
C1091,COC[N+]1(C)CCCC1,20775240
C0992,CCCCn1c[n+](CCC(F)(F)C(F)(F)C(F)(F)C(F)(F)C(F)(F)C(F)(F)F)cn1,10963729
C1314,Cn1cc[n+](CCCO)c1,9994125
C0700,C[N+]1(CCCF)CCOCC1,101731126
C1440,CC[N+](CC)=C(N(C)C)N(C)C,17849823
C1929,CCCn1cc[n+](COC)c1CC,153953735
C2269,c1cc[n+](CC2CO2)cc1,18957463
C1077,C[n+]1ccn(CCCSC(=S)n2ccnc2)c1,11223661
C0475,C[N+](C)(C)CC(O)CO,161797
C1980,Cc1n(Cn2cccn2)cc[n+]1CCC(F)(F)F,11591946
C1656,Cn1cc[n+](CC(=O)O)c1,4594614
C0910,CCC(C)C[N+](CC)(CC)CC,13426949
C1623,CCCCC[S+]1CCCCC1,151328362
C1708,C[N+](C)(CCO)CCBr,437079
C2253,CCCCCCCCCCn1c[n+](CC(O)C(F)(F)F)cn1,102355305
C1751,CCCC[n+]1c(C)cc(C)n1C,23144971
C1692,CCCSc1n(C)cc[n+]1CC,102292954
C0316,C=CCn1cc[n+](C)c1,11229455
C1669,CC[N+](C)(C)N,412231
C1368,C=CC[N+]1(C)CCCC1,14693168
C2129,NC(=O)Cn1cc[n+](CCCCn2cc[n+](CC(N)=O)c2)c1,102452485
C0811,CCC[n+]1ccn(C)c1,5245884
C1218,Cc1n(C)cc[n+]1C1CCCC1,101579768
C0167,OCC=C[n+]1ccccc1,4160843
C1424,CCCC[S+](CC)CC,85828285
C1984,Cc1n(Cn2cccn2)cc[n+]1CCC(F)(F)C(F)(F)C(F)(F)C(F)(F)F,11520409
C0862,CCc1n(C)cc[n+]1CC,54204738
C2350,Cc1n(C)cc[n+]1CCO,22044340
C1940,CCOCn1cc[n+](COCC)c1CC,159340396
C1937,CCOC[n+]1ccn(CC)c1CC,87530170
C0429,CCCCCC[N+]1(C)CCCC(C)C1,122222819
C1836,Cn1cc[n+](C2CCCCC2)c1,101944107
C1086,Cc1n(C)cc[n+]1C,3825986
C0579,Cn1c[n+](CCC(F)(F)C(F)(F)C(F)(F)C(F)(F)C(F)(F)C(F)(F)F)cn1,11038981
C1693,CC[n+]1ccn(C)c1SC(C)C,102292955
C0284,COC[N+](C)(C)C,22816
C1439,CCC[N+](C)=C(N(C)C)N(C)C,59297101
C0374,CCCC(C)[N+](C)(C)C,14157078
C1139,CCCCn1cc[n+](CC(C)O)c1,74320342
C2346,CCCCCCCC[N+]12CCC(CC1)CC2,22245264
C1215,CC[P+](CC)(CC)COCCOC,89485393
C2197,CCn1cc[n+](COC)c1,87105317
C1438,CC[N+](C)=C(N(C)C)N(C)C,20793335
C0500,C=C[n+]1ccn(CCCC)c1,24766551
C0678,CC[P+](CC)(CC)CCOC,22927121
C0681,CCCCCCCCCCCC[N+]1=C(C(C)C)SC[C@H]1CC,101271067
C1454,CCCCC[S@+](C)CC,101448511
C1662,CCCCC[S@@+](C)CC,101448511
C0176,CCCCCCCC[N+]12CCN(CC1)CC2,4637382
C2255,CO[N+]1(C)CCCCC1,20660179
C2035,CCn1ccc[n+]1CCOC,129830272
C0267,CC(C)C[n+]1ccn(C)c1,10608883
C2293,CCCCCCCCCCCCCCCCN1C=C[NH+](C)C1,22301576
C1587,C=CCCC[P+](CC)(CC)CC,101796283
C1936,CCOC[n+]1ccn(C)c1CC,157211644
C0711,CCCCCCCn1c[n+](CC(O)C(F)(F)F)cn1,102355303
C1928,CCc1n(CC)cc[n+]1COC,87530211
C1598,COCC[n+]1c(C)cc(C)n1C,67972568
C1433,CC[S+](CCOC)CCOC,102170156
C1779,C=CC[n+]1ccn(CC)c1,57568829
C0550,CCCC[n+]1cn(CCC(F)(F)F)cn1,11071157
C1552,CC(C)C[P+](C)(CC(C)C)CC(C)C,16218740
C1168,CCCCC(CC)C[N+](C)(C)CC(CC)CCCC,19695158
C0852,Cn1cc[n+](CCO)c1,11184839
C0870,CCSC(N(C)C)=[N+](C)C,2724067
C1750,CCCC[n+]1cccn1C,12125627
C1214,CCCC[S+]1CCCCC1,85549711
C1057,FC(F)(CCCC[n+]1ccccc1)C(F)(F)S(F)(F)(F)(F)F,101757815
C0435,Cn1cc[n+](CCCBr)c1,11187160
C1291,CCOC[n+]1ccn(C)c1,87173622
C1621,CCCCC[S+]1CCCC1,87223898
C0460,CC[n+]1ccn(C)c1,174076
C1703,CCCCCCN(C)[C+](N(CC)CC)N(CCC)CCC,24970592
C0823,CCCCCCCCCCC[N+](C)(C)CO[C@H]1C[C@@H](C)CC[C@@H]1C(C)C,102492173
C1812,CCCCCCCCCCC[N+](C)(C)CO[C@@H]1C[C@H](C)CC[C@H]1C(C)C,11661366
C2282,CCCCCCCCCCC[N+](C)(C)COC1CC(C)CCC1C(C)C,71698316
C0872,CC[P+](CC)(CC)CC,199509
C0662,CCCCCCCCCC[N+](C)(C)CO[C@H]1C[C@@H](C)CC[C@@H]1C(C)C,102492172
C1811,CCCCCCCCCC[N+](C)(C)CO[C@@H]1C[C@H](C)CC[C@H]1C(C)C,11675486
C2281,CCCCCCCCCC[N+](C)(C)COC1CC(C)CCC1C(C)C,71698314
C1970,CCCCC(CC)CNCC[NH3+],101868313
C2345,CCCCCC[N+]12CCC(CC1)CC2,67438708
C1781,C[n+]1ccn(C[Si](C)(C)C)c1,90006686
C0962,CCCCCCCCC[N+](C)(C)CO[C@@H]1C[C@H](C)CC[C@H]1C(C)C,11624993
C2280,CCCCCCCCC[N+](C)(C)COC1CC(C)CCC1C(C)C,73033581
C1599,CCn1c(C)cc(C)[n+]1CCOC,101571308
C1835,Cn1cc[n+](C2CCCC2)c1,101561560
C1691,CC[n+]1ccn(C)c1SC,12503280
C1786,Cc1c[n+](C)cn1C,18442046
C1866,CCC[n+]1c(C)cc(C)n1C,23144965
C0099,CCCCCCCC[N+](C)(C)CO[C@@H]1C[C@H](C)CC[C@H]1C(C)C,11516048
C2279,CCCCCCCC[N+](C)(C)COC1CC(C)CCC1C(C)C,72991441
C0856,CCCC[n+]1ccn(C(F)(F)C(F)F)c1,102312469
C0881,CCCC[N+]1(C)CCCC(C)C1,25127093
C1927,CCc1n(C)cc[n+]1COC,153953717
C1965,C=CCC[n+]1ccn(C)c1C,153656476
C0443,CCn1cc(C)[n+](CC)c1,23103357
C2054,CCCCCC[N+]12CCN(CC1)CC2,25096198
C0917,C=CC(O)C[N+](C)(C)CCCC,157828408
C2278,CCCCCCC[N+](C)(C)COC1CC(C)CCC1C(C)C,73018726
C1922,COC[n+]1ccn(C)c1C,87104857
C2000,C[N+](C)(C)CCN=[N+]=[N-],60134424
C0854,CC(C)[n+]1ccn(C)c1,12971010
C1943,C=CC[n+]1ccn(C)c1C,85520650
C0794,CC[n+]1ccn([C@H](CO)CC(C)C)c1,10869576
C0958,Cn1cc[n+](C)c1,20335
C0216,CCCCn1cc[n+](N)n1,11298991
C1810,CCCCCC[N+](C)(C)CO[C@@H]1C[C@H](C)CC[C@H]1C(C)C,11493706
C2277,CCCCCC[N+](C)(C)COC1CC(C)CCC1C(C)C,72983333
C1026,C=CCn1cc[n+](CC=C)c1,23154604
C1673,C[N+](C)(N)CCO,4344
C1276,CC[n+]1cnn(C)c1,59839566
C0546,CCCCC[NH3+],3927698
C2034,COCC[n+]1cccn1C,168091285
C0915,CCOC[P+](CC)(CC)CC,132596981
C2164,C[N+]1(CC(O)CO)CCCC1,59019115
C1396,C[n+]1cn(CCC(F)(F)F)cn1,10895807
C0570,FC(F)(CC[n+]1ccccc1)C(F)(F)C(F)(F)C(F)(F)S(F)(F)(F)(F)F,101757818
C1125,Cn1cc[n+](CC(F)(F)F)c1,12983284
C0305,CC[n+]1cn(C)cc1C,23103355
C2005,C=CCC[n+]1ccn(C)c1,44185003
C1822,CC[n+]1c(C)cc(C)n1C,23144967
C1220,C=CCC[P+](CC)(CC)CC,89687136
C0399,CCOC(=O)[C@@H](C)[n+]1ccn(C)c1,101753127
C0541,FC(F)(CC[n+]1ccccc1)C(F)(F)S(F)(F)(F)(F)F,101757814
C0122,C=Cn1cc[n+](CCC)c1,102147231
C0729,CC[S+](C)C,209219
C2173,CCCC[n+]1cn(C)c(I)c1I,129822846
C1021,Cn1cc[n+](C2(C(C)(C)C)C=C(C(C)(C)C)C(=O)C(C(C)(C)C)=C2)c1,12727549
C0828,CC[n+]1ccn([C@H](CO)C(C)C)c1,10912337
C1281,CCC[S+](CC)CC,85828280
C2333,Cn1cc[n+](CCCl)c1,417072
C1622,CCC[S+]1CCCCC1,85549410
C1620,CCCC[S+]1CCCC1,10923665
C0254,CC(C[n+]1ccn(C)c1)=NO,768161
C0495,COC[n+]1ccn(C)c1,23628826
C0493,CCC[P+](C)(C)C,18506639
C0431,CCC[n+]1ccn(C(F)(F)C(F)F)c1,87285100
C1435,CCC[S+](CC)CCC,85908603
C0738,CC[P+](C)(CC)CC,11189501
C0742,C[n+]1ccn(CCCCC(F)(F)C(F)(F)S(F)(F)(F)(F)F)c1,101757812
C0598,CC[S+](CC)CC,74590
C1800,[NH3+]CCOCCO,6995582
C2171,CC(C)C[NH2+]CCCCS(=O)(=O)O,102136570
C0932,CCCC[NH+](CCCC)CCCC,3724478
C1883,CCCC[PH+](CCCC)CCCC,14550661
C1114,CC[P+](CC)(CC)COC,86623186
C0543,CCCC[N+]1(C)CCOC1,86242689
C1784,Cn1cc[n+](C[Si](C)(C)O[Si](C)(C)C)c1,88559373
C0604,CC[n+]1ccn([C@@H](C)CO)c1,10900590
C0003,CCn1cc[n+](C(CO)CC(C)C)c1,85295755
C1280,CC[S+](C)CC,209217
C1107,CC[n+]1ccn(C(F)(F)C(F)F)c1,87104666
C0639,C=Cn1cc[n+](CC)c1,9976734
C1490,CN(C)C(=[NH2+])N(C)C,15603
C0593,Cn1c[n+](C)cn1,4559494
C0228,CCCC[n+]1cc(C[C@H]2COC(=O)[C@H]2CC)n(C)c1,22810183
C0892,C[n+]1ccn(CCC(F)(F)C(F)(F)C(F)(F)C(F)(F)S(F)(F)(F)(F)F)c1,101757819
C0288,C[n+]1ccn(C(F)(F)C(F)F)c1,87105358
C2331,CCC=C[n+]1ccn(C)c1C,154509599
C0511,CC(C)C[NH3+],7311734
C0398,CCn1cc[n+](C(CO)C(C)C)c1,85312814
C1759,CC[n+]1cccn1C,549401
C1885,CC[N+](C)CC,4251457
C0673,CCn1cc[n+](C(C)CO)c1,85308258
C2026,COC(C)n1cc[n+](C)c1,23103344
C0257,C[n+]1ccn(CCC(F)(F)C(F)(F)S(F)(F)(F)(F)F)c1,101757816
C0287,CCCC[NH2+]CCCC,4094028
C1567,CN1CCCN2CCC[NH+]=C12,40432412
C2214,CCC[n+]1cn(C)cn1,101372320
C1619,CCC[S+]1CCCC1,85549383
C1354,C[C@@H](O)C[n+]1ccn(C)c1,139195504
C2243,CC(O)C[n+]1ccn(C)c1,24786335
C2161,CCCCCCCCN1C=C[NH+](C)C1,22301571
C1712,CC(C)[C@@H]1CC[C@@H](C)C[C@H]1OC[n+]1ccn(C)c1,12193353
C2027,CCn1cc[n+](C(C)OC)c1,87105056
C1455,CCC[S@+](C)CC,21324867
C1661,CCC[S@@+](C)CC,21324867
C2028,CCOC(C)[n+]1ccn(C)c1,87996735
C0773,Cn1cc[n+](C)n1,12210798
C1752,CCCCSc1[nH+]ccn1C,101489709
C1739,C=CC[n+]1ccn(C=C)c1,59538260
C1780,CC(C)=C[n+]1ccn(C)c1,57483617
C0600,CCCC[NH3+],3614750
C1540,CCOn1cc[n+](OCC)c1,67969484
C0159,CCC(C)[n+]1ccn(C)c1,10513048
C1409,CC[C@@H](C)[n+]1ccn(C)c1,148880901
C2344,CC[NH+]=C(N(C)C)N(C)C,45029433
C0991,CCC[N+]1(C)CCOC1,101731125
C1570,C1CNC2=[NH+]CCCN2C1,5245701
C0779,CC(C)C[NH2+]CC(C)C,3765454
C2292,C[N+]1(CCCF)CCOC1,101731124
C1569,CC[NH+]=P(N=P(N(C)C)(N(C)C)N(C)C)(N(C)C)N(C)C,15606168
C1797,COCC[NH3+],6999982
C1651,C=C[n+]1ccn(C)c1,163648
C2149,CCCCCCN1C=C[NH+](C)C1,101098822
C1084,Cn1cc[n+](CC(Br)CBr)c1,11272998
C2244,Cn1cc[n+](CCC(F)(Br)C(F)(F)Br)c1,11763567
C2301,C[NH+]1C=CN(CCC(F)(F)C(F)(F)C(F)(F)C(F)(F)F)C1,155293374
C0040,CCC(C)C[NH3+],21719864
C1799,CC[C@H](C)C[NH3+],7000001
C1611,[NH3+]CCCO,1551059
C2196,CCCC[NH2+]CCO,6992809
C1170,CCSC(N)=[NH2+],5048191
C0647,CCC[NH3+],3483736
C1450,CCCC[NH2+]C,6993928
C1369,C=CC[n+]1cn(N)cn1,68407805
C0623,CCC[NH+](CCC)CCC,4228977
C2246,BrCC(Br)Cn1cc[n+](CC(Br)CBr)c1,11354667
C1753,CCSc1[nH+]ccn1C,101489710
C2248,FC(F)(Br)C(F)(Br)CCn1cc[n+](CC(Br)CBr)c1,11457106
C0449,[NH3+]CCO,444693
C0036,CCC[NH2+]CCC,3451520
C2093,CCC[NH+](C)CCC,23277959
C1546,CCO[NH2+]OCC,154070494
C1165,NCC[NH3+],5063660
C1164,OCC[NH+](CCO)CCO,3777650
C1952,CC[N@H+](C)CCOC,154103815
C1547,C[NH+](CCO)CCO,6950481
C1163,OCC[NH2+]CCO,3736299
C2090,CC[NH+](C)CC,4251457
C1549,C[NH2+]CCO,6994314
C1544,C[NH+](C)C=O,101727082
