Cation_SMILES,Anion_SMILES,IL_SMILES,logEC50,Molar mass(g/mol)
CCCC[N+](C)(C)CC,[Cl-],CCCC[N+](C)(C)CC.[Cl-],4.6,165.708
OCC[NH+](CCO)CCO,CCCC(=O)[O-],OCC[NH+](CCO)CCO.CCCC(=O)[O-],3.39,237.296
CCn1cc[n+](C)c1,F[P-](F)(F)(F)(F)F,CCn1cc[n+](C)c1.F[P-](F)(F)(F)(F)F,3.92,256.13
CCCCCCCC[N+]1(C)CCCC1,F[B-](F)(F)F,CCCCCCCC[N+]1(C)CCCC1.F[B-](F)(F)F,1.82,285.178
COCCn1cc[n+](C)c1,[Cl-],COCCn1cc[n+](C)c1.[Cl-],4.6,176.647
CCn1cc[n+](C)c1,O=C([O-])C(F)(F)F,CCn1cc[n+](C)c1.O=C([O-])C(F)(F)F,4.004,224.182
COCC[N+]1(C)CCCC1,[Cl-],COCC[N+]1(C)CCCC1.[Cl-],4.6,179.691
CCCC[n+]1ccccc1C,[Cl-],CCCC[n+]1ccccc1C.[Cl-],3.75,185.698
CCCCn1cc[n+](CC)c1,O=C([O-])C(F)(F)F,CCCCn1cc[n+](CC)c1.O=C([O-])C(F)(F)F,3.31,266.263
CCCCn1cc[n+](C)c1,O=S(=O)([O-])O,CCCCn1cc[n+](C)c1.O=S(=O)([O-])O,3.288,236.293
C[N+]1(C#N)CCOCC1,O=S(=O)([N-]S(=O)(=O)C(F)(F)F)C(F)(F)F,C[N+]1(C#N)CCOCC1.O=S(=O)([N-]S(=O)(=O)C(F)(F)F)C(F)(F)F,3.53,407.314
Cc1ccc(Cn2cc[n+](C)c2)cc1,F[P-](F)(F)(F)(F)F,Cc1ccc(Cn2cc[n+](C)c2)cc1.F[P-](F)(F)(F)(F)F,2.664,332.228
CCCCCCCC[n+]1cccc2ccccc21,F[B-](F)(F)F,CCCCCCCC[n+]1cccc2ccccc21.F[B-](F)(F)F,2.17,329.19
CCOC[N+]1(C)CCCC1,[Cl-],CCOC[N+]1(C)CCCC1.[Cl-],3.05,179.691
CCCC[n+]1ccccc1,COS(=O)(=O)[O-],CCCC[n+]1ccccc1.COS(=O)(=O)[O-],3.92,247.316
CCOCC[N+]1(C)CCOCC1,O=S(=O)([N-]S(=O)(=O)C(F)(F)F)C(F)(F)F,CCOCC[N+]1(C)CCOCC1.O=S(=O)([N-]S(=O)(=O)C(F)(F)F)C(F)(F)F,3.69,454.411
CCCOC[n+]1cccc(O)c1,O=C1[N-]S(=O)(=O)c2ccccc21,CCCOC[n+]1cccc(O)c1.O=C1[N-]S(=O)(=O)c2ccccc21,3.6,350.396
CCCC[N+]1(C)CCCCC1,[Br-],CCCC[N+]1(C)CCCCC1.[Br-],4.03,236.197
CCCCn1cc[n+](C)c1,O=S(=O)([O-])C(F)(F)F,CCCCn1cc[n+](C)c1.O=S(=O)([O-])C(F)(F)F,3,288.291
OCC[NH2+]CCO,CCCCC(=O)[O-],OCC[NH2+]CCO.CCCCC(=O)[O-],3.72,207.27
CCOCn1cc[n+](C)c1,[Cl-],CCOCn1cc[n+](C)c1.[Cl-],3.603,176.647
CCCCCC[N+]1(C)CCCC1,O=S(=O)([N-]S(=O)(=O)C(F)(F)F)C(F)(F)F,CCCCCC[N+]1(C)CCCC1.O=S(=O)([N-]S(=O)(=O)C(F)(F)F)C(F)(F)F,2.56,450.467
CCCCn1cc[n+](C)c1,[Br-],CCCCn1cc[n+](C)c1.[Br-],3.43,219.126
CCOCC[N+](C)(C)CC,[Cl-],CCOCC[N+](C)(C)CC.[Cl-],4.6,181.707
CCCCOC[n+]1cccc(O)c1,CC1=CC(=O)[N-]S(=O)(=O)O1,CCCCOC[n+]1cccc(O)c1.CC1=CC(=O)[N-]S(=O)(=O)O1,3.7,344.389
C[N+](C)(C)CCO,O=C([O-])CO,C[N+](C)(C)CCO.O=C([O-])CO,3.89,179.216
C[N+]1(Cc2ccccc2)CCOCC1,CC(=O)[O-],C[N+]1(Cc2ccccc2)CCOCC1.CC(=O)[O-],4.1,251.326
CCCCn1cc[n+](C)c1,O=S(=O)([N-]S(=O)(=O)C(F)(F)F)C(F)(F)F,CCCCn1cc[n+](C)c1.O=S(=O)([N-]S(=O)(=O)C(F)(F)F)C(F)(F)F,2.682,419.369
COC(C)Cn1cc[n+](C)c1,O=S(=O)([N-]S(=O)(=O)C(F)(F)F)C(F)(F)F,COC(C)Cn1cc[n+](C)c1.O=S(=O)([N-]S(=O)(=O)C(F)(F)F)C(F)(F)F,3.34,435.368
c1cc[nH+]cc1,[Cl-],c1cc[nH+]cc1.[Cl-],3.77,115.563
C[n+]1ccn(CCc2ccccc2)c1,[Cl-],C[n+]1ccn(CCc2ccccc2)c1.[Cl-],3.3,222.719
COCC[NH2+]CCOC,NS(=O)(=O)[O-],COCC[NH2+]CCOC.NS(=O)(=O)[O-],3.48,230.286
COC(C)Cn1cc[n+](C)c1,[Cl-],COC(C)Cn1cc[n+](C)c1.[Cl-],4.49,190.674
OCCC[n+]1ccccc1,O=S(=O)([N-]S(=O)(=O)C(F)(F)F)C(F)(F)F,OCCC[n+]1ccccc1.O=S(=O)([N-]S(=O)(=O)C(F)(F)F)C(F)(F)F,3.55,418.337
Cn1c(=O)c2c(n(C)c1=O)[n+](C)cn2C,O=S(=O)([O-])C(F)(F)F,Cn1c(=O)c2c(n(C)c1=O)[n+](C)cn2C.O=S(=O)([O-])C(F)(F)F,2.96,358.298
CCCCn1cc[n+](C)c1,O=S(=O)([O-])O,CCCCn1cc[n+](C)c1.O=S(=O)([O-])O,3.29,236.293
CCn1cc[n+](C)c1,O=C([O-])C(F)(F)F,CCn1cc[n+](C)c1.O=C([O-])C(F)(F)F,4,224.182
C[N+]1(Cc2ccccc2)CCOCC1,O=S(=O)([O-])O,C[N+]1(Cc2ccccc2)CCOCC1.O=S(=O)([O-])O,3.64,289.353
COCC[N+]1(C)CCOCC1,[Cl-],COCC[N+]1(C)CCOCC1.[Cl-],4.6,195.69
CCCCCCn1cc[n+](C)c1,O=S(=O)([N-]S(=O)(=O)C(F)(F)F)C(F)(F)F,CCCCCCn1cc[n+](C)c1.O=S(=O)([N-]S(=O)(=O)C(F)(F)F)C(F)(F)F,2.24,447.423
CCCCn1cc[n+](C)c1,F[B-](F)(F)F,CCCCn1cc[n+](C)c1.F[B-](F)(F)F,3.11,226.026
C[N+]1(Cc2ccccc2)CCOCC1,C/C=C/C(=O)[O-],C[N+]1(Cc2ccccc2)CCOCC1.C/C=C/C(=O)[O-],4.15,277.364
C[N+]1(Cc2ccccc2)CCOCC1,CCCCCCCC(=O)[O-],C[N+]1(Cc2ccccc2)CCOCC1.CCCCCCCC(=O)[O-],3.22,335.488
CCCC[n+]1cc(C)cc(C)c1,F[B-](F)(F)F,CCCC[n+]1cc(C)cc(C)c1.F[B-](F)(F)F,3.26,251.076
CCCCn1cc[n+](C)c1,CCCCCCCCOS(=O)(=O)[O-],CCCCn1cc[n+](C)c1.CCCCCCCCOS(=O)(=O)[O-],3.225,348.509
CCCOC[n+]1cccc(O)c1,O=C1N=S(=O)([O-])c2ccccc21,CCCOC[n+]1cccc(O)c1.O=C1N=S(=O)([O-])c2ccccc21,3.6,350.396
CCCCn1cc[n+](C)c1,[I-],CCCCn1cc[n+](C)c1.[I-],3.48,266.126
CC(=O)OCC[N+]1(C)CCCC1,FC(F)(F)C(F)(F)[P-](F)(F)(F)(C(F)(F)C(F)(F)F)C(F)(F)C(F)(F)F,CC(=O)OCC[N+]1(C)CCCC1.FC(F)(F)C(F)(F)[P-](F)(F)(F)(C(F)(F)C(F)(F)F)C(F)(F)C(F)(F)F,2.91,617.252
C[N+]1(CC#N)CCCCC1,O=S(=O)([N-]S(=O)(=O)C(F)(F)F)C(F)(F)F,C[N+]1(CC#N)CCCCC1.O=S(=O)([N-]S(=O)(=O)C(F)(F)F)C(F)(F)F,3.95,419.369
CCCCOC[n+]1cccc(O)c1,CC1=CC(=O)N=S(=O)([O-])O1,CCCCOC[n+]1cccc(O)c1.CC1=CC(=O)N=S(=O)([O-])O1,3.7,344.389
CCCCCCCCn1cc[n+](C)c1,O=S(=O)([N-]S(=O)(=O)C(F)(F)F)C(F)(F)F,CCCCCCCCn1cc[n+](C)c1.O=S(=O)([N-]S(=O)(=O)C(F)(F)F)C(F)(F)F,1.64,475.477
C[N+]1(Cc2ccccc2)CCOCC1,O=C[O-],C[N+]1(Cc2ccccc2)CCOCC1.O=C[O-],4.1,237.299
CCCCCCCCCCCOC[n+]1cccc(O)c1,O=C1[N-]S(=O)(=O)c2ccccc21,CCCCCCCCCCCOC[n+]1cccc(O)c1.O=C1[N-]S(=O)(=O)c2ccccc21,1.6,462.612
CCn1cc[n+](C)c1,FC(F)(F)C(F)(F)[P-](F)(F)(F)(C(F)(F)C(F)(F)F)C(F)(F)C(F)(F)F,CCn1cc[n+](C)c1.FC(F)(F)C(F)(F)[P-](F)(F)(F)(C(F)(F)C(F)(F)F)C(F)(F)C(F)(F)F,3.23,556.172
C[N+]1(CC#N)CCCCC1,[Cl-],C[N+]1(CC#N)CCCCC1.[Cl-],4.58,174.675
CCCCCC[N+]1(C)CCCC1,[Cl-],CCCCCC[N+]1(C)CCCC1.[Cl-],2.93,205.773
C[n+]1ccn(CCCO)c1,[Cl-],C[n+]1ccn(CCCO)c1.[Cl-],4.6,176.647
CC[N+](C)(C)CCOC,O=S(=O)([N-]S(=O)(=O)C(F)(F)F)C(F)(F)F,CC[N+](C)(C)CCOC.O=S(=O)([N-]S(=O)(=O)C(F)(F)F)C(F)(F)F,3.3,412.374
CCCCC[n+]1ccn(C)c1,[Cl-],CCCCC[n+]1ccn(C)c1.[Cl-],3.16,188.702
CCCCCCCCn1cc[n+](C)c1,F[P-](F)(F)(F)(F)F,CCCCCCCCn1cc[n+](C)c1.F[P-](F)(F)(F)(F)F,1.96,340.292
CCCC[N+](C)(C)C,O=S(=O)([N-]S(=O)(=O)C(F)(F)F)C(F)(F)F,CCCC[N+](C)(C)C.O=S(=O)([N-]S(=O)(=O)C(F)(F)F)C(F)(F)F,3.61,396.375
CCCCCCOC[n+]1cccc(O)c1,CC1=CC(=O)N=S(=O)([O-])O1,CCCCCCOC[n+]1cccc(O)c1.CC1=CC(=O)N=S(=O)([O-])O1,3.4,372.443
C[N+]1(Cc2ccccc2)CCOCC1,O=C(O)c1ccccc1[O-],C[N+]1(Cc2ccccc2)CCOCC1.O=C(O)c1ccccc1[O-],2.9,329.396
CCCCC[n+]1ccccc1,[Br-],CCCCC[n+]1ccccc1.[Br-],3.15,230.149
CCCn1cc[n+](C)c1,F[B-](F)(F)F,CCCn1cc[n+](C)c1.F[B-](F)(F)F,3.455,211.999
OCC[NH2+]CCO,CC(=O)[O-],OCC[NH2+]CCO.CC(=O)[O-],4.032,165.189
CC[n+]1ccccc1,[Cl-],CC[n+]1ccccc1.[Cl-],4.22,143.617
CCCOC[n+]1cccc(O)c1,CC1=CC(=O)[N-]S(=O)(=O)O1,CCCOC[n+]1cccc(O)c1.CC1=CC(=O)[N-]S(=O)(=O)O1,3.5,330.362
CC[N+](C)(C)CCOC,O=S(=O)([N-]S(=O)(=O)C(F)(F)F)C(F)(F)F,CC[N+](C)(C)CCOC.O=S(=O)([N-]S(=O)(=O)C(F)(F)F)C(F)(F)F,3.31,412.374
CC[S+](C)CC,O=S(=O)([N-]S(=O)(=O)C(F)(F)F)C(F)(F)F,CC[S+](C)CC.O=S(=O)([N-]S(=O)(=O)C(F)(F)F)C(F)(F)F,3.48,385.373
CCCCCCn1cc[n+](C)c1,FC(F)(F)C(F)(F)[P-](F)(F)(F)(C(F)(F)C(F)(F)F)C(F)(F)C(F)(F)F,CCCCCCn1cc[n+](C)c1.FC(F)(F)C(F)(F)[P-](F)(F)(F)(C(F)(F)C(F)(F)F)C(F)(F)C(F)(F)F,1.53,612.28
CCCC[N+]1(C)CCCCC1,O=S(=O)([N-]S(=O)(=O)C(F)(F)F)C(F)(F)F,CCCC[N+]1(C)CCCCC1.O=S(=O)([N-]S(=O)(=O)C(F)(F)F)C(F)(F)F,3.41,436.44
O=S(=O)(O)CCC[n+]1ccccc1,O=S(=O)([O-])C(F)(F)F,O=S(=O)(O)CCC[n+]1ccccc1.O=S(=O)([O-])C(F)(F)F,3.9,351.324
CCCOC[n+]1cccc(O)c1,CC1=CC(=O)N=S(=O)([O-])O1,CCCOC[n+]1cccc(O)c1.CC1=CC(=O)N=S(=O)([O-])O1,3.5,330.362
CCCn1cc[n+](CC)c1,[Br-],CCCn1cc[n+](CC)c1.[Br-],3.6,219.126
OCC[NH2+]CCO,CCCCC(=O)[O-],OCC[NH2+]CCO.CCCCC(=O)[O-],3.724,207.27
CCCCCCCCCCn1cc[n+](C)c1,[Cl-],CCCCCCCCCCn1cc[n+](C)c1.[Cl-],1.34,258.837
CCCC[n+]1cccc2ccccc21,[Cl-],CCCC[n+]1cccc2ccccc21.[Cl-],2.16,221.731
CC[N+](C)(C)CCO,[I-],CC[N+](C)(C)CCO.[I-],4.6,245.104
C[N+]1(Cc2ccccc2)CCOCC1,COCC(=O)[O-],C[N+]1(Cc2ccccc2)CCOCC1.COCC(=O)[O-],3.9,281.352
CCCCn1cc[n+](C)c1,FC(F)(F)[N-]C(F)(F)F,CCCCn1cc[n+](C)c1.FC(F)(F)[N-]C(F)(F)F,2.188,291.239
C[n+]1ccn(CCO)c1,F[B-](F)(F)F,C[n+]1ccn(CCO)c1.F[B-](F)(F)F,3.483,213.971
CCCCCC[n+]1ccn(CC)c1,[Br-],CCCCCC[n+]1ccn(CC)c1.[Br-],2,261.207
CCOCn1cc[n+](C)c1,O=S(=O)([N-]S(=O)(=O)C(F)(F)F)C(F)(F)F,CCOCn1cc[n+](C)c1.O=S(=O)([N-]S(=O)(=O)C(F)(F)F)C(F)(F)F,3.201,421.341
CCn1cc[n+](C)c1,O=S(=O)([O-])O,CCn1cc[n+](C)c1.O=S(=O)([O-])O,3.99,208.239
CCCCOC[n+]1cccc(O)c1,O=C1N=S(=O)([O-])c2ccccc21,CCCCOC[n+]1cccc(O)c1.O=C1N=S(=O)([O-])c2ccccc21,3.6,364.423
CCCOC[n+]1cccc(O)c1,[Cl-],CCCOC[n+]1cccc(O)c1.[Cl-],2.9,203.669
CCCC[n+]1ccc(C)c(C)c1,F[B-](F)(F)F,CCCC[n+]1ccc(C)c(C)c1.F[B-](F)(F)F,3.02,251.076
C[N+]1(CC#N)CCOCC1,[Cl-],C[N+]1(CC#N)CCOCC1.[Cl-],4.6,176.647
CCCCCCn1cc[n+](C)c1,FC(F)(F)C(F)(F)C(F)(F)[P-](F)(F)(F)(C(F)(F)C(F)(F)C(F)(F)F)C(F)(F)C(F)(F)C(F)(F)F,CCCCCCn1cc[n+](C)c1.FC(F)(F)C(F)(F)C(F)(F)[P-](F)(F)(F)(C(F)(F)C(F)(F)C(F)(F)F)C(F)(F)C(F)(F)C(F)(F)F,1.4,762.301
COCCC[N+]1(C)CCCCC1,[Cl-],COCCC[N+]1(C)CCCCC1.[Cl-],4.4,207.745
C[N+]1(CCCO)CCCC1,[Cl-],C[N+]1(CCCO)CCCC1.[Cl-],4.6,179.691
CCOC[N+]1(C)CCCCC1,[Cl-],CCOC[N+]1(C)CCCCC1.[Cl-],4.24,193.718
C[N+]1(Cc2ccccc2)CCOCC1,O=C1[N-]S(=O)(=O)c2ccccc21,C[N+]1(Cc2ccccc2)CCOCC1.O=C1[N-]S(=O)(=O)c2ccccc21,3.5,374.462
C[NH+](C)CCO,CC(=O)[O-],C[NH+](C)CCO.CC(=O)[O-],3.39,149.19
CCCC[n+]1cccc(C)c1,COS(=O)(=O)[O-],CCCC[n+]1cccc(C)c1.COS(=O)(=O)[O-],3.21,261.343
CCC[N+]1(C)CCCCC1,O=S(=O)([N-]S(=O)(=O)C(F)(F)F)C(F)(F)F,CCC[N+]1(C)CCCCC1.O=S(=O)([N-]S(=O)(=O)C(F)(F)F)C(F)(F)F,3.16,422.413
CCC[n+]1ccn(CC)c1,[Br-],CCC[n+]1ccn(CC)c1.[Br-],3.6,219.126
CCCCCC[n+]1ccc(C)cc1,F[B-](F)(F)F,CCCCCC[n+]1ccc(C)cc1.F[B-](F)(F)F,2.17,265.103
C[N+]1(CCCO)CCCC1,O=S(=O)([N-]S(=O)(=O)C(F)(F)F)C(F)(F)F,C[N+]1(CCCO)CCCC1.O=S(=O)([N-]S(=O)(=O)C(F)(F)F)C(F)(F)F,3.6,424.385
CCCCCCC[NH+]1C=CN(C)C1,[Cl-],CCCCCCC[NH+]1C=CN(C)C1.[Cl-],2.53,218.772
CCCCCC[n+]1ccccc1,F[P-](F)(F)(F)(F)F,CCCCCC[n+]1ccccc1.F[P-](F)(F)(F)(F)F,2.51,309.234
Cc1ccc(Cn2cc[n+](C)c2)cc1,F[B-](F)(F)F,Cc1ccc(Cn2cc[n+](C)c2)cc1.F[B-](F)(F)F,2.67,274.07
C[n+]1ccn(CCC(F)(F)C(F)(F)C(F)(F)C(F)(F)C(F)(F)C(F)(F)F)c1,F[P-](F)(F)(F)(F)F,C[n+]1ccn(CCC(F)(F)C(F)(F)C(F)(F)C(F)(F)C(F)(F)C(F)(F)F)c1.F[P-](F)(F)(F)(F)F,1.94,574.162
CC[N+](C)(C)CCCOC,O=S(=O)([N-]S(=O)(=O)C(F)(F)F)C(F)(F)F,CC[N+](C)(C)CCCOC.O=S(=O)([N-]S(=O)(=O)C(F)(F)F)C(F)(F)F,3.54,426.401
CCCC[P+](CCCC)(CCCC)CCCC,c1ccc2c(c1)O[B-]1(O2)Oc2ccccc2O1,CCCC[P+](CCCC)(CCCC)CCCC.c1ccc2c(c1)O[B-]1(O2)Oc2ccccc2O1,1.32,486.442
C[n+]1ccn(Cc2ccccc2)c1,[Cl-],C[n+]1ccn(Cc2ccccc2)c1.[Cl-],3.3,208.692
COCCC[n+]1ccccc1,[Cl-],COCCC[n+]1ccccc1.[Cl-],4.6,187.67
CCCC[N+]1(C)CCOCC1,O=S(=O)([N-]S(=O)(=O)C(F)(F)F)C(F)(F)F,CCCC[N+]1(C)CCOCC1.O=S(=O)([N-]S(=O)(=O)C(F)(F)F)C(F)(F)F,3.43,438.412
CC[N+](C)(C)CC#N,O=S(=O)([N-]S(=O)(=O)C(F)(F)F)C(F)(F)F,CC[N+](C)(C)CC#N.O=S(=O)([N-]S(=O)(=O)C(F)(F)F)C(F)(F)F,3.86,393.331
CCCCCCCCn1cc[n+](C)c1,CCCCCCCCOS(=O)(=O)[O-],CCCCCCCCn1cc[n+](C)c1.CCCCCCCCOS(=O)(=O)[O-],1.53,404.617
C[N+]1(CC#N)CCCC1,O=S(=O)([N-]S(=O)(=O)C(F)(F)F)C(F)(F)F,C[N+]1(CC#N)CCCC1.O=S(=O)([N-]S(=O)(=O)C(F)(F)F)C(F)(F)F,3.8,405.342
CCCCn1cc[n+](C)c1,FC(F)(F)C(F)(F)[P-](F)(F)(F)(C(F)(F)C(F)(F)F)C(F)(F)C(F)(F)F,CCCCn1cc[n+](C)c1.FC(F)(F)C(F)(F)[P-](F)(F)(F)(C(F)(F)C(F)(F)F)C(F)(F)C(F)(F)F,1.37,584.226
CCOC(=O)C[N+]1(C)CCCC1,FC(F)(F)C(F)(F)[P-](F)(F)(F)(C(F)(F)C(F)(F)F)C(F)(F)C(F)(F)F,CCOC(=O)C[N+]1(C)CCCC1.FC(F)(F)C(F)(F)[P-](F)(F)(F)(C(F)(F)C(F)(F)F)C(F)(F)C(F)(F)F,2.91,617.252
CCCCCCOC[n+]1cccc(O)c1,O=C1N=S(=O)([O-])c2ccccc21,CCCCCCOC[n+]1cccc(O)c1.O=C1N=S(=O)([O-])c2ccccc21,3.3,392.477
N#CC[n+]1ccccc1,O=S(=O)([N-]S(=O)(=O)C(F)(F)F)C(F)(F)F,N#CC[n+]1ccccc1.O=S(=O)([N-]S(=O)(=O)C(F)(F)F)C(F)(F)F,3.51,399.294
CCCC[n+]1cccc(C)c1,[I-],CCCC[n+]1cccc(C)c1.[I-],3.48,277.149
CCCC[n+]1cccc(C)c1,FC(F)(F)[N-]C(F)(F)F,CCCC[n+]1cccc(C)c1.FC(F)(F)[N-]C(F)(F)F,2.19,302.262
C[N+](C)(C)CCO,CC(O)C(=O)[O-],C[N+](C)(C)CCO.CC(O)C(=O)[O-],4.6,193.243
CCCC[n+]1ccn(CC)c1,O=S(=O)([O-])C(F)(F)F,CCCC[n+]1ccn(CC)c1.O=S(=O)([O-])C(F)(F)F,3.43,302.318
CCCCCCn1cc[n+](C)c1,[Cl-],CCCCCCn1cc[n+](C)c1.[Cl-],2.85,202.729
C[N+]1(Cc2ccccc2)CCOCC1,O=C([O-])C=CC(=O)O,C[N+]1(Cc2ccccc2)CCOCC1.O=C([O-])C=CC(=O)O,3.35,307.346
C[N+]1(CCO)CCCCC1,O=S(=O)([N-]S(=O)(=O)C(F)(F)F)C(F)(F)F,C[N+]1(CCO)CCCCC1.O=S(=O)([N-]S(=O)(=O)C(F)(F)F)C(F)(F)F,3.65,424.385
[NH3+]CCCO,O=C[O-],[NH3+]CCCO.O=C[O-],4.491,121.136
CCOC(=O)C[N+]1(C)CCCC1,O=S(=O)([N-]S(=O)(=O)C(F)(F)F)C(F)(F)F,CCOC(=O)C[N+]1(C)CCCC1.O=S(=O)([N-]S(=O)(=O)C(F)(F)F)C(F)(F)F,3.59,452.395
[NH3+]CCCO,O=C[O-],[NH3+]CCCO.O=C[O-],4.49,121.136
CCCC[n+]1ccccc1,O=S(=O)([O-])C(F)(F)F,CCCC[n+]1ccccc1.O=S(=O)([O-])C(F)(F)F,3.66,285.287
C[N+]1(CCO)CCOCC1,O=S(=O)([N-]S(=O)(=O)C(F)(F)F)C(F)(F)F,C[N+]1(CCO)CCOCC1.O=S(=O)([N-]S(=O)(=O)C(F)(F)F)C(F)(F)F,3.18,426.357
CCCCCCn1cc[n+](C)c1,F[B-](F)(F)F,CCCCCCn1cc[n+](C)c1.F[B-](F)(F)F,2.98,254.08
OCC[n+]1ccccc1,[I-],OCC[n+]1ccccc1.[I-],4.16,251.067
C[n+]1ccn(CCCC(=O)O)c1,[Cl-],C[n+]1ccn(CCCC(=O)O)c1.[Cl-],3.78,204.657
CC[n+]1ccc(N(C)C)cc1,[Br-],CC[n+]1ccc(N(C)C)cc1.[Br-],2.9,231.137
CCCC[n+]1ccccc1,[Cl-],CCCC[n+]1ccccc1.[Cl-],3.77,171.671
CCn1cc[n+](C)c1,O=S(=O)([O-])C(F)(F)F,CCn1cc[n+](C)c1.O=S(=O)([O-])C(F)(F)F,4.09,260.237
CCCCCCCC[n+]1ccc(C)cc1,[Cl-],CCCCCCCC[n+]1ccc(C)cc1.[Cl-],2.97,241.806
CCCCn1cc[n+](CC)c1,O=C([O-])C(F)(F)F,CCCCn1cc[n+](CC)c1.O=C([O-])C(F)(F)F,3.314,266.263
CCCCCCCCn1cc[n+](C)c1,CCCCCCCCOS(=O)(=O)[O-],CCCCCCCCn1cc[n+](C)c1.CCCCCCCCOS(=O)(=O)[O-],1.525,404.617
CCCC[N+](CCCC)(CCCC)CCCC,[Br-],CCCC[N+](CCCC)(CCCC)CCCC.[Br-],2.25,322.375
CCn1cc[n+](C)c1,COS(=O)(=O)[O-],CCn1cc[n+](C)c1.COS(=O)(=O)[O-],4.2,222.266
CCCCCCn1cc[n+](C)c1,FC(F)(F)C(F)(F)[P-](F)(F)(F)(C(F)(F)C(F)(F)F)C(F)(F)C(F)(F)F,CCCCCCn1cc[n+](C)c1.FC(F)(F)C(F)(F)[P-](F)(F)(F)(C(F)(F)C(F)(F)F)C(F)(F)C(F)(F)F,1.428,612.28
CC[N+](C)(C)CCO,O=S(=O)([N-]S(=O)(=O)C(F)(F)F)C(F)(F)F,CC[N+](C)(C)CCO.O=S(=O)([N-]S(=O)(=O)C(F)(F)F)C(F)(F)F,3.7,398.347
CCCCn1cc[n+](C)c1,FC(F)(F)C(F)(F)[P-](F)(F)(F)(C(F)(F)C(F)(F)F)C(F)(F)C(F)(F)F,CCCCn1cc[n+](C)c1.FC(F)(F)C(F)(F)[P-](F)(F)(F)(C(F)(F)C(F)(F)F)C(F)(F)C(F)(F)F,1.375,584.226
OCC[NH2+]CCO,CCCC(=O)[O-],OCC[NH2+]CCO.CCCC(=O)[O-],3.25,193.243
CCOC(=O)C[N+](C)(C)CC,[Br-],CCOC(=O)C[N+](C)(C)CC.[Br-],3.85,240.141
CCCC[n+]1ccc(C)c(C)c1,[Cl-],CCCC[n+]1ccc(C)c(C)c1.[Cl-],3.05,199.725
CCCCn1cc[n+](C)c1,[I-],CCCCn1cc[n+](C)c1.[I-],3.481,266.126
CCCC[n+]1cccc(C)c1,O=S(=O)([N-]S(=O)(=O)C(F)(F)F)C(F)(F)F,CCCC[n+]1cccc(C)c1.O=S(=O)([N-]S(=O)(=O)C(F)(F)F)C(F)(F)F,2.68,430.392
COCCn1cc[n+](C)c1,O=S(=O)([N-]S(=O)(=O)C(F)(F)F)C(F)(F)F,COCCn1cc[n+](C)c1.O=S(=O)([N-]S(=O)(=O)C(F)(F)F)C(F)(F)F,3.25,421.341
C[n+]1ccn(Cc2ccccc2)c1,F[B-](F)(F)F,C[n+]1ccn(Cc2ccccc2)c1.F[B-](F)(F)F,2.974,260.043
C[N+]1(Cc2ccccc2)CCOCC1,COCCOCC(=O)[O-],C[N+]1(Cc2ccccc2)CCOCC1.COCCOCC(=O)[O-],3.89,325.405
CCCCCCCC[n+]1ccc(C)cc1,[Cl-],CCCCCCCC[n+]1ccc(C)cc1.[Cl-],1.63,241.806
CCCCCCCOC[n+]1cccc(O)c1,CC1=CC(=O)[N-]S(=O)(=O)O1,CCCCCCCOC[n+]1cccc(O)c1.CC1=CC(=O)[N-]S(=O)(=O)O1,3,386.47
CCOCCn1cc[n+](C)c1,O=S(=O)([N-]S(=O)(=O)C(F)(F)F)C(F)(F)F,CCOCCn1cc[n+](C)c1.O=S(=O)([N-]S(=O)(=O)C(F)(F)F)C(F)(F)F,3.182,435.368
CCCCn1cc[n+](C)c1,CS(=O)(=O)[O-],CCCCn1cc[n+](C)c1.CS(=O)(=O)[O-],3.512,234.321
CCCCn1cc[n+](CC)c1,O=S(=O)([O-])C(F)(F)F,CCCCn1cc[n+](CC)c1.O=S(=O)([O-])C(F)(F)F,3.427,302.318
C[N+]1(Cc2ccccc2)CCOCC1,CC(O)C(=O)[O-],C[N+]1(Cc2ccccc2)CCOCC1.CC(O)C(=O)[O-],4.3,281.352
CCCC[n+]1ccn(CC)c1,F[B-](F)(F)F,CCCC[n+]1ccn(CC)c1.F[B-](F)(F)F,3.26,240.053
CCCC[n+]1ccc(N(C)C)cc1,O=S(=O)([N-]S(=O)(=O)C(F)(F)F)C(F)(F)F,CCCC[n+]1ccc(N(C)C)cc1.O=S(=O)([N-]S(=O)(=O)C(F)(F)F)C(F)(F)F,1.75,459.434
CCCCCC[n+]1ccccc1,[Cl-],CCCCCC[n+]1ccccc1.[Cl-],2.8,199.725
CCCCCCCn1cc[n+](C)c1,F[P-](F)(F)(F)(F)F,CCCCCCCn1cc[n+](C)c1.F[P-](F)(F)(F)(F)F,2.3,326.265
CCCC[N+]1(C)CCCC1,N#C[N-]C#N,CCCC[N+]1(C)CCCC1.N#C[N-]C#N,4.23,208.309
C[N+]1(CCCO)CCCCC1,[Cl-],C[N+]1(CCCO)CCCCC1.[Cl-],4.6,193.718
COCC[N+]1(C)CCCC1,O=S(=O)([N-]S(=O)(=O)C(F)(F)F)C(F)(F)F,COCC[N+]1(C)CCCC1.O=S(=O)([N-]S(=O)(=O)C(F)(F)F)C(F)(F)F,3.3,424.385
CCCCn1cc[n+](CC)c1,F[B-](F)(F)F,CCCCn1cc[n+](CC)c1.F[B-](F)(F)F,3.258,240.053
CCCC[n+]1cccc2ccccc21,[Br-],CCCC[n+]1cccc2ccccc21.[Br-],2.32,266.182
C[N+]1(Cc2ccccc2)CCOCC1,CCCCCCCCCCCCOS(=O)(=O)[O-],C[N+]1(Cc2ccccc2)CCOCC1.CCCCCCCCCCCCOS(=O)(=O)[O-],2.4,457.677
C[N+]1(Cc2ccccc2)CCOCC1,O=C([O-])c1cccc2c1C(=O)NS2(=O)=O,C[N+]1(Cc2ccccc2)CCOCC1.O=C([O-])c1cccc2c1C(=O)NS2(=O)=O,3.5,418.471
CCCC[n+]1ccccc1C,F[B-](F)(F)F,CCCC[n+]1ccccc1C.F[B-](F)(F)F,3.25,237.049
OCC[NH+](CCO)CCO,CCCC(=O)[O-],OCC[NH+](CCO)CCO.CCCC(=O)[O-],3.394,237.296
C[n+]1ccn(CCCCCCCCO)c1,[Br-],C[n+]1ccn(CCCCCCCCO)c1.[Br-],2.358,291.233
OCC[NH2+]CCO,CC(=O)[O-],OCC[NH2+]CCO.CC(=O)[O-],4.03,165.189
CCOC[N+]1(C)CCCCC1,[Cl-],CCOC[N+]1(C)CCCCC1.[Cl-],4.23,193.718
C[N+]1(Cc2ccccc2)CCOCC1,F[B-](F)(F)F,C[N+]1(Cc2ccccc2)CCOCC1.F[B-](F)(F)F,2.61,279.086
C[n+]1ccn(Cc2ccccc2)c1,F[B-](F)(F)F,C[n+]1ccn(Cc2ccccc2)c1.F[B-](F)(F)F,2.97,260.043
OCC[NH+](CCO)CCO,CCCCC(=O)[O-],OCC[NH+](CCO)CCO.CCCCC(=O)[O-],3.53,251.323
CCn1cc[n+](C)c1,[Cl-],CCn1cc[n+](C)c1.[Cl-],3.86,146.621
CCOCC[NH+](C)C,[Cl-],CCOCC[NH+](C)C.[Cl-],4.6,153.653
CCCn1cc[n+](C)c1,[Cl-],CCCn1cc[n+](C)c1.[Cl-],4.6,160.648
CCOC[N+](C)(C)CC,[Cl-],CCOC[N+](C)(C)CC.[Cl-],3.59,167.68
CCCCCC[N+]1(C)CCCC1,[Cl-],CCCCCC[N+]1(C)CCCC1.[Cl-],2.91,205.773
CCCC[n+]1ccc(C)cc1,F[P-](F)(F)(F)(F)F,CCCC[n+]1ccc(C)cc1.F[P-](F)(F)(F)(F)F,3.3,295.207
C[N+](C)(C)C,FC(F)(F)C(F)(F)[P-](F)(F)(F)(C(F)(F)C(F)(F)F)C(F)(F)C(F)(F)F,C[N+](C)(C)C.FC(F)(F)C(F)(F)[P-](F)(F)(F)(C(F)(F)C(F)(F)F)C(F)(F)C(F)(F)F,2.03,519.151
CCCC[N+](CCCC)(CCCC)CCCC,c1ccc2c(c1)O[B-]1(O2)Oc2ccccc2O1,CCCC[N+](CCCC)(CCCC)CCCC.c1ccc2c(c1)O[B-]1(O2)Oc2ccccc2O1,1.61,469.475
COCC[N+]1(C)CCCC1,FC(F)(F)C(F)(F)[P-](F)(F)(F)(C(F)(F)C(F)(F)F)C(F)(F)C(F)(F)F,COCC[N+]1(C)CCCC1.FC(F)(F)C(F)(F)[P-](F)(F)(F)(C(F)(F)C(F)(F)F)C(F)(F)C(F)(F)F,2.16,589.242
COCCC[N+]1(C)CCCC1,[Cl-],COCCC[N+]1(C)CCCC1.[Cl-],4.6,193.718
COCC[n+]1ccccc1,[Cl-],COCC[n+]1ccccc1.[Cl-],4.6,173.643
CCOCC[N+]1(C)CCCCC1,O=S(=O)(N=S(=O)([O-])C(F)(F)F)C(F)(F)F,CCOCC[N+]1(C)CCCCC1.O=S(=O)(N=S(=O)([O-])C(F)(F)F)C(F)(F)F,3.34,452.439
CCCCCCn1cc[n+](C)c1,F[P-](F)(F)(F)(F)F,CCCCCCn1cc[n+](C)c1.F[P-](F)(F)(F)(F)F,2.91,312.238
CCCCCC[n+]1ccc(C)cc1,[Cl-],CCCCCC[n+]1ccc(C)cc1.[Cl-],2.67,213.752
C[n+]1ccn(Cc2ccccc2)c1,F[P-](F)(F)(F)(F)F,C[n+]1ccn(Cc2ccccc2)c1.F[P-](F)(F)(F)(F)F,3.3,318.201
CCC[n+]1ccccc1,O=S(=O)([N-]S(=O)(=O)C(F)(F)F)C(F)(F)F,CCC[n+]1ccccc1.O=S(=O)([N-]S(=O)(=O)C(F)(F)F)C(F)(F)F,3.2,402.338
COCCC[n+]1ccn(C)c1,O=S(=O)([N-]S(=O)(=O)C(F)(F)F)C(F)(F)F,COCCC[n+]1ccn(C)c1.O=S(=O)([N-]S(=O)(=O)C(F)(F)F)C(F)(F)F,3.34,435.368
C[n+]1ccn(CCC(F)(F)C(F)(F)C(F)(F)C(F)(F)C(F)(F)C(F)(F)F)c1,F[P-](F)(F)(F)(F)F,C[n+]1ccn(CCC(F)(F)C(F)(F)C(F)(F)C(F)(F)C(F)(F)C(F)(F)F)c1.F[P-](F)(F)(F)(F)F,1.939,574.162
CCCCCCn1cc[n+](C)c1,O=S(=O)([C-](S(=O)(=O)C(F)(F)F)S(=O)(=O)C(F)(F)F)C(F)(F)F,CCCCCCn1cc[n+](C)c1.O=S(=O)([C-](S(=O)(=O)C(F)(F)F)S(=O)(=O)C(F)(F)F)C(F)(F)F,3.44,578.497
CCCCCCCCCn1cc[n+](C)c1,[Cl-],CCCCCCCCCn1cc[n+](C)c1.[Cl-],1.4,244.81
CCOC(=O)C[N+]1(C)CCCC1,[Br-],CCOC(=O)C[N+]1(C)CCCC1.[Br-],3.84,252.152
C[N+]1(CCCO)CCOCC1,O=S(=O)([N-]S(=O)(=O)C(F)(F)F)C(F)(F)F,C[N+]1(CCCO)CCOCC1.O=S(=O)([N-]S(=O)(=O)C(F)(F)F)C(F)(F)F,3.53,440.384
CCCC[N+]1(C)CCCC1,[Br-],CCCC[N+]1(C)CCCC1.[Br-],3.77,222.17
CCCCn1cc[n+](C)c1,O=S(=O)([O-])C(F)(F)F,CCCCn1cc[n+](C)c1.O=S(=O)([O-])C(F)(F)F,3.021,288.291
CCCCCCCCCn1cc[n+](C)c1,F[P-](F)(F)(F)(F)F,CCCCCCCCCn1cc[n+](C)c1.F[P-](F)(F)(F)(F)F,1.855,354.319
CCOC[N+]1(C)CCCCC1,O=S(=O)([N-]S(=O)(=O)C(F)(F)F)C(F)(F)F,CCOC[N+]1(C)CCCCC1.O=S(=O)([N-]S(=O)(=O)C(F)(F)F)C(F)(F)F,3.41,438.412
CCCCCC[N+]1(CCCCCC)CCCC1,F[B-](F)(F)F,CCCCCC[N+]1(CCCCCC)CCCC1.F[B-](F)(F)F,1.23,327.259
CCCCn1cc[n+](C)c1,F[B-](F)(F)F,CCCCn1cc[n+](C)c1.F[B-](F)(F)F,3.23,226.026
CCCCCCn1cc[n+](C)c1C,F[B-](F)(F)F,CCCCCCn1cc[n+](C)c1C.F[B-](F)(F)F,1.9,268.107
C[N+]1(CCO)CCOCC1,[I-],C[N+]1(CCO)CCOCC1.[I-],4.6,273.114
CCCCC[n+]1ccccc1,O=S(=O)([N-]S(=O)(=O)C(F)(F)F)C(F)(F)F,CCCCC[n+]1ccccc1.O=S(=O)([N-]S(=O)(=O)C(F)(F)F)C(F)(F)F,2.85,430.392
CCCCCCOC[n+]1cccc(O)c1,CC1=CC(=O)[N-]S(=O)(=O)O1,CCCCCCOC[n+]1cccc(O)c1.CC1=CC(=O)[N-]S(=O)(=O)O1,3.4,372.443
CCC[n+]1ccn(C)c1,F[B-](F)(F)F,CCC[n+]1ccn(C)c1.F[B-](F)(F)F,3.45,211.999
CCCC[n+]1cccc2ccccc21,F[B-](F)(F)F,CCCC[n+]1cccc2ccccc21.F[B-](F)(F)F,2.16,273.082
CCn1cc[n+](C)c1,COCCOCCOS(=O)(=O)[O-],CCn1cc[n+](C)c1.COCCOCCOS(=O)(=O)[O-],3.85,310.372
CCn1cc[n+](C)c1,O=C1O[B-]2(OC1=O)OC(=O)C(=O)O2,CCn1cc[n+](C)c1.O=C1O[B-]2(OC1=O)OC(=O)C(=O)O2,2.93,298.016
CCCCn1cc[n+](C)c1,O=S(=O)([N-]S(=O)(=O)C(F)(F)F)C(F)(F)F,CCCCn1cc[n+](C)c1.O=S(=O)([N-]S(=O)(=O)C(F)(F)F)C(F)(F)F,2.68,419.369
CC[N+](C)(C)CCCOC,[Cl-],CC[N+](C)(C)CCCOC.[Cl-],4.9,181.707
CCOCC[n+]1ccccc1,[Br-],CCOCC[n+]1ccccc1.[Br-],4.24,232.121
CCOCC[N+]1(C)CCCCC1,O=S(=O)([N-]S(=O)(=O)C(F)(F)F)C(F)(F)F,CCOCC[N+]1(C)CCCCC1.O=S(=O)([N-]S(=O)(=O)C(F)(F)F)C(F)(F)F,3.34,452.439
CCCCCCCn1cc[n+](C)c1,F[B-](F)(F)F,CCCCCCCn1cc[n+](C)c1.F[B-](F)(F)F,2.58,268.107
COCCC[N+]1(C)CCCC1,O=S(=O)([N-]S(=O)(=O)C(F)(F)F)C(F)(F)F,COCCC[N+]1(C)CCCC1.O=S(=O)([N-]S(=O)(=O)C(F)(F)F)C(F)(F)F,3.4,438.412
CCCCCCCCn1cc[n+](C)c1,F[B-](F)(F)F,CCCCCCCCn1cc[n+](C)c1.F[B-](F)(F)F,1.59,282.134
CCCC[n+]1cccc(C)c1,N#C[N-]C#N,CCCC[n+]1cccc(C)c1.N#C[N-]C#N,3.46,216.288
CC[N+]1(C)CCOCC1,Cc1ccc(S(=O)(=O)[O-])cc1,CC[N+]1(C)CCOCC1.Cc1ccc(S(=O)(=O)[O-])cc1,3.81,301.408
CCOCC[n+]1ccccc1,O=S(=O)([N-]S(=O)(=O)C(F)(F)F)C(F)(F)F,CCOCC[n+]1ccccc1.O=S(=O)([N-]S(=O)(=O)C(F)(F)F)C(F)(F)F,3.26,432.364
Cn1cc[n+](CCCO)c1,[Cl-],Cn1cc[n+](CCCO)c1.[Cl-],3.09,176.647
CCCCn1cc[n+](C)c1,Cc1ccc(S(=O)(=O)[O-])cc1,CCCCn1cc[n+](C)c1.Cc1ccc(S(=O)(=O)[O-])cc1,3.29,310.419
CN(C)c1cc[n+](C)cc1,[I-],CN(C)c1cc[n+](C)cc1.[I-],2.89,264.11
CCCCCCCCCCCOC[n+]1cccc(O)c1,CC1=CC(=O)[N-]S(=O)(=O)O1,CCCCCCCCCCCOC[n+]1cccc(O)c1.CC1=CC(=O)[N-]S(=O)(=O)O1,1.6,442.578
CCCC[n+]1ccccc1,F[B-](F)(F)F,CCCC[n+]1ccccc1.F[B-](F)(F)F,3.6,223.022
CC[N+](C)(C)CCCO,O=S(=O)([N-]S(=O)(=O)C(F)(F)F)C(F)(F)F,CC[N+](C)(C)CCCO.O=S(=O)([N-]S(=O)(=O)C(F)(F)F)C(F)(F)F,3.83,412.374
COCC[N+]1(C)CCCCC1,[Br-],COCC[N+]1(C)CCCCC1.[Br-],4.6,238.169
OCC[NH2+]CCO,CCC(=O)[O-],OCC[NH2+]CCO.CCC(=O)[O-],3.77,179.216
CCn1cc[n+](C)c1,COCCOCCOS(=O)(=O)[O-],CCn1cc[n+](C)c1.COCCOCCOS(=O)(=O)[O-],3.846,310.372
[NH3+]CCO,O=C[O-],[NH3+]CCO.O=C[O-],4.15,107.109
CCCCCC[n+]1ccn(C)c1C,F[B-](F)(F)F,CCCCCC[n+]1ccn(C)c1C.F[B-](F)(F)F,1.9,268.107
CCCC[n+]1ccccc1,F[P-](F)(F)(F)(F)F,CCCC[n+]1ccccc1.F[P-](F)(F)(F)(F)F,3.85,281.18
CCCCCCCCCCCOC[n+]1cccc(O)c1,CC1=CC(=O)N=S(=O)([O-])O1,CCCCCCCCCCCOC[n+]1cccc(O)c1.CC1=CC(=O)N=S(=O)([O-])O1,1.6,442.578
C[N+]1(CC#N)CCCC1,[Cl-],C[N+]1(CC#N)CCCC1.[Cl-],4.23,160.648
CCCCCCn1cc[n+](C)c1,[Cl-],CCCCCCn1cc[n+](C)c1.[Cl-],2.82,202.729
CCCC[N+](C)(C)CC,O=S(=O)([N-]S(=O)(=O)C(F)(F)F)C(F)(F)F,CCCC[N+](C)(C)CC.O=S(=O)([N-]S(=O)(=O)C(F)(F)F)C(F)(F)F,3.43,410.402
CCCC[n+]1ccc(C)cc1,[Cl-],CCCC[n+]1ccc(C)cc1.[Cl-],3.32,185.698
COC(C)Cn1cc[n+](C)c1,O=S(=O)([N-]S(=O)(=O)C(F)(F)F)C(F)(F)F,COC(C)Cn1cc[n+](C)c1.O=S(=O)([N-]S(=O)(=O)C(F)(F)F)C(F)(F)F,3.342,435.368
CCCCCCCOC[n+]1cccc(O)c1,O=C1[N-]S(=O)(=O)c2ccccc21,CCCCCCCOC[n+]1cccc(O)c1.O=C1[N-]S(=O)(=O)c2ccccc21,3,406.504
COCC[N+]1(C)CCOCC1,O=S(=O)([N-]S(=O)(=O)C(F)(F)F)C(F)(F)F,COCC[N+]1(C)CCOCC1.O=S(=O)([N-]S(=O)(=O)C(F)(F)F)C(F)(F)F,3.81,440.384
CCCCn1cc[n+](C)c1,FC(F)(F)[N-]C(F)(F)F,CCCCn1cc[n+](C)c1.FC(F)(F)[N-]C(F)(F)F,2.18,291.239
OCC[n+]1ccccc1,O=S(=O)([N-]S(=O)(=O)C(F)(F)F)C(F)(F)F,OCC[n+]1ccccc1.O=S(=O)([N-]S(=O)(=O)C(F)(F)F)C(F)(F)F,3.79,404.31
CCCCCC[n+]1ccn(CC)c1,F[B-](F)(F)F,CCCCCC[n+]1ccn(CC)c1.F[B-](F)(F)F,2.26,268.107
CCn1cc[n+](C)c1,Cc1ccc(S(=O)(=O)[O-])cc1,CCn1cc[n+](C)c1.Cc1ccc(S(=O)(=O)[O-])cc1,3.81,282.365
CCCC[n+]1ccccc1,F[B-](F)(F)F,CCCC[n+]1ccccc1.F[B-](F)(F)F,3.16,223.022
CCn1cc[n+](C)c1,F[B-](F)(F)F,CCn1cc[n+](C)c1.F[B-](F)(F)F,3.44,197.972
CCCCn1cc[n+](CC)c1,F[B-](F)(F)F,CCCCn1cc[n+](CC)c1.F[B-](F)(F)F,3.26,240.053
COCC[N+]1(C)CCCCC1,O=S(=O)([N-]S(=O)(=O)C(F)(F)F)C(F)(F)F,COCC[N+]1(C)CCCCC1.O=S(=O)([N-]S(=O)(=O)C(F)(F)F)C(F)(F)F,3.25,438.412
CCn1cc[n+](C)c1,FC(F)(F)C(F)(F)[P-](F)(F)(F)(C(F)(F)C(F)(F)F)C(F)(F)C(F)(F)F,CCn1cc[n+](C)c1.FC(F)(F)C(F)(F)[P-](F)(F)(F)(C(F)(F)C(F)(F)F)C(F)(F)C(F)(F)F,2,556.172
C[N+]1(CCCO)CCCCC1,O=S(=O)([N-]S(=O)(=O)C(F)(F)F)C(F)(F)F,C[N+]1(CCCO)CCCCC1.O=S(=O)([N-]S(=O)(=O)C(F)(F)F)C(F)(F)F,3.63,438.412
CCCCCCCCCCn1cc[n+](C)c1,F[P-](F)(F)(F)(F)F,CCCCCCCCCCn1cc[n+](C)c1.F[P-](F)(F)(F)(F)F,1.498,368.346
CCCC[n+]1cccc(C)c1,[Br-],CCCC[n+]1cccc(C)c1.[Br-],3.43,230.149
CCCCCCCCCCCOC[n+]1cccc(O)c1,O=C1N=S(=O)([O-])c2ccccc21,CCCCCCCCCCCOC[n+]1cccc(O)c1.O=C1N=S(=O)([O-])c2ccccc21,1.6,462.612
CCOC[n+]1ccccc1,O=S(=O)([N-]S(=O)(=O)C(F)(F)F)C(F)(F)F,CCOC[n+]1ccccc1.O=S(=O)([N-]S(=O)(=O)C(F)(F)F)C(F)(F)F,3.12,418.337
CCCCCCCC[N+]1(C)CCCC1,[Cl-],CCCCCCCC[N+]1(C)CCCC1.[Cl-],2.59,233.827
CCOCCn1cc[n+](C)c1,O=S(=O)([N-]S(=O)(=O)C(F)(F)F)C(F)(F)F,CCOCCn1cc[n+](C)c1.O=S(=O)([N-]S(=O)(=O)C(F)(F)F)C(F)(F)F,3.18,435.368
C[n+]1ccn(CCCO)c1,O=S(=O)([N-]S(=O)(=O)C(F)(F)F)C(F)(F)F,C[n+]1ccn(CCCO)c1.O=S(=O)([N-]S(=O)(=O)C(F)(F)F)C(F)(F)F,3.66,421.341
CCCCC[n+]1ccn(C)c1,F[P-](F)(F)(F)(F)F,CCCCC[n+]1ccn(C)c1.F[P-](F)(F)(F)(F)F,3.07,298.211
COCCC[N+]1(C)CCOCC1,[Cl-],COCCC[N+]1(C)CCOCC1.[Cl-],4.6,209.717
COCCC[N+]1(C)CCOCC1,O=S(=O)([N-]S(=O)(=O)C(F)(F)F)C(F)(F)F,COCCC[N+]1(C)CCOCC1.O=S(=O)([N-]S(=O)(=O)C(F)(F)F)C(F)(F)F,3.77,454.411
C[n+]1ccn(CCc2ccccc2)c1,F[P-](F)(F)(F)(F)F,C[n+]1ccn(CCc2ccccc2)c1.F[P-](F)(F)(F)(F)F,2.93,332.228
CCn1cc[n+](C)c1,N#C[S-],CCn1cc[n+](C)c1.N#C[S-],4.23,169.253
CCOCCn1cc[n+](C)c1,[Br-],CCOCCn1cc[n+](C)c1.[Br-],4.14,235.125
CCCCCCn1cc[n+](C)c1,O=S1(=O)N=C([O-])c2ccccc21,CCCCCCn1cc[n+](C)c1.O=S1(=O)N=C([O-])c2ccccc21,2.29,349.456
C[N+]1(CCO)CCCC1,O=S(=O)([N-]S(=O)(=O)C(F)(F)F)C(F)(F)F,C[N+]1(CCO)CCCC1.O=S(=O)([N-]S(=O)(=O)C(F)(F)F)C(F)(F)F,3.72,410.358
CCOC(=O)C[N+](C)(C)CC,O=S(=O)([N-]S(=O)(=O)C(F)(F)F)C(F)(F)F,CCOC(=O)C[N+](C)(C)CC.O=S(=O)([N-]S(=O)(=O)C(F)(F)F)C(F)(F)F,3.53,440.384
CCCCCCn1cc[n+](CC)c1,[Br-],CCCCCCn1cc[n+](CC)c1.[Br-],2.01,261.207
CCCC[n+]1cc(C)cc(C)c1,[Cl-],CCCC[n+]1cc(C)cc(C)c1.[Cl-],3.42,199.725
C[N+]1(Cc2ccccc2)CCOCC1,O=C([O-])c1ccccc1O,C[N+]1(Cc2ccccc2)CCOCC1.O=C([O-])c1ccccc1O,2.9,329.396
CCCC[n+]1ccc(C)cc1,N#C[B-](C#N)(C#N)C#N,CCCC[n+]1ccc(C)cc1.N#C[B-](C#N)(C#N)C#N,2.88,265.129
OCC[NH2+]CCO,CC(C)C(=O)[O-],OCC[NH2+]CCO.CC(C)C(=O)[O-],3.474,193.243
CCCCCCn1cc[n+](CC)c1,F[B-](F)(F)F,CCCCCCn1cc[n+](CC)c1.F[B-](F)(F)F,2.26,268.107
C[N+]1(CC#N)CCCC1,O=S(=O)([N-]S(=O)(=O)C(F)(F)F)C(F)(F)F,C[N+]1(CC#N)CCCC1.O=S(=O)([N-]S(=O)(=O)C(F)(F)F)C(F)(F)F,3.81,405.342
CCCC[N+]1(C)CCCC1,F[B-](F)(F)F,CCCC[N+]1(C)CCCC1.F[B-](F)(F)F,2.9,229.07
C[NH+]1C=CN=C1,F[B-](F)(F)F,C[NH+]1C=CN=C1.F[B-](F)(F)F,3.09,169.918
C[n+]1ccn(CCCCO)c1,[Cl-],C[n+]1ccn(CCCCO)c1.[Cl-],3.78,190.674
Cn1cc[n+](CCO)c1,O=S(=O)([N-]S(=O)(=O)C(F)(F)F)C(F)(F)F,Cn1cc[n+](CCO)c1.O=S(=O)([N-]S(=O)(=O)C(F)(F)F)C(F)(F)F,3.763,407.314
CCCC[N+]1(C)CCCC1,[Cl-],CCCC[N+]1(C)CCCC1.[Cl-],4.6,177.719
CCCCCCn1cc[n+](C)c1,O=C1[N-]S(=O)(=O)c2ccccc21,CCCCCCn1cc[n+](C)c1.O=C1[N-]S(=O)(=O)c2ccccc21,2.307,349.456
C[N+]1(CCO)CCOCC1,O=S(=O)([N-]S(=O)(=O)C(F)(F)F)C(F)(F)F,C[N+]1(CCO)CCOCC1.O=S(=O)([N-]S(=O)(=O)C(F)(F)F)C(F)(F)F,3.19,426.357
C[N+]1(CC#N)CCCCC1,O=S(=O)([N-]S(=O)(=O)C(F)(F)F)C(F)(F)F,C[N+]1(CC#N)CCCCC1.O=S(=O)([N-]S(=O)(=O)C(F)(F)F)C(F)(F)F,4,419.369
CCn1cc[n+](C)c1,O=P([O-])(C(F)(F)C(F)(F)F)C(F)(F)C(F)(F)F,CCn1cc[n+](C)c1.O=P([O-])(C(F)(F)C(F)(F)F)C(F)(F)C(F)(F)F,2.833,412.164
CCCC[n+]1ccn(C)c1,O=S(=O)(N=S(=O)([O-])C(F)(F)F)C(F)(F)F,CCCC[n+]1ccn(C)c1.O=S(=O)(N=S(=O)([O-])C(F)(F)F)C(F)(F)F,3.01,419.369
CCOC[N+](C)(C)CC,O=S(=O)([N-]S(=O)(=O)C(F)(F)F)C(F)(F)F,CCOC[N+](C)(C)CC.O=S(=O)([N-]S(=O)(=O)C(F)(F)F)C(F)(F)F,3.8,412.374
CCOCC[N+](C)(C)CC,O=S(=O)([N-]S(=O)(=O)C(F)(F)F)C(F)(F)F,CCOCC[N+](C)(C)CC.O=S(=O)([N-]S(=O)(=O)C(F)(F)F)C(F)(F)F,3.28,426.401
CCOC[N+]1(C)CCCC1,O=S(=O)([N-]S(=O)(=O)C(F)(F)F)C(F)(F)F,CCOC[N+]1(C)CCCC1.O=S(=O)([N-]S(=O)(=O)C(F)(F)F)C(F)(F)F,3.26,424.385
CCCC[n+]1cccc(C)c1,F[B-](F)(F)F,CCCC[n+]1cccc(C)c1.F[B-](F)(F)F,3.12,237.049
CCCCCCCCCCn1cc[n+](C)c1,F[P-](F)(F)(F)(F)F,CCCCCCCCCCn1cc[n+](C)c1.F[P-](F)(F)(F)(F)F,1.5,368.346
CCCC[N+]1(C)CCCC1,O=S(=O)([N-]S(=O)(=O)C(F)(F)F)C(F)(F)F,CCCC[N+]1(C)CCCC1.O=S(=O)([N-]S(=O)(=O)C(F)(F)F)C(F)(F)F,3.01,422.413
CCOCC[N+]1(C)CCCC1,[Br-],CCOCC[N+]1(C)CCCC1.[Br-],4.6,238.169
CC[N+](C)(C)CCOC,[Cl-],CC[N+](C)(C)CCOC.[Cl-],4.6,167.68
CCCC[n+]1ccc(N(C)C)cc1,O=S(=O)([N-]S(=O)(=O)C(F)(F)F)C(F)(F)F,CCCC[n+]1ccc(N(C)C)cc1.O=S(=O)([N-]S(=O)(=O)C(F)(F)F)C(F)(F)F,1.82,459.434
OCC[NH2+]CCO,CCCC(=O)[O-],OCC[NH2+]CCO.CCCC(=O)[O-],3.246,193.243
CCCCCn1cc[n+](C)c1,F[B-](F)(F)F,CCCCCn1cc[n+](C)c1.F[B-](F)(F)F,3.09,240.053
CCCCCCCCn1cc[n+](C)c1,[Cl-],CCCCCCCCn1cc[n+](C)c1.[Cl-],2.013,230.783
CCCCn1cc[n+](C)c1,CCCCCCCCOS(=O)(=O)[O-],CCCCn1cc[n+](C)c1.CCCCCCCCOS(=O)(=O)[O-],3.23,348.509
COCCCn1cc[n+](C)c1,O=S(=O)([N-]S(=O)(=O)C(F)(F)F)C(F)(F)F,COCCCn1cc[n+](C)c1.O=S(=O)([N-]S(=O)(=O)C(F)(F)F)C(F)(F)F,3.342,435.368
CCCCCCCOC[n+]1cccc(O)c1,O=C1N=S(=O)([O-])c2ccccc21,CCCCCCCOC[n+]1cccc(O)c1.O=C1N=S(=O)([O-])c2ccccc21,3,406.504
CCCCn1cc[n+](C)c1,[Cl-],CCCCn1cc[n+](C)c1.[Cl-],3.554,174.675
COCC[n+]1ccccc1,O=S(=O)([N-]S(=O)(=O)C(F)(F)F)C(F)(F)F,COCC[n+]1ccccc1.O=S(=O)([N-]S(=O)(=O)C(F)(F)F)C(F)(F)F,3.19,418.337
CCCn1cc[n+](C)c1,F[B-](F)(F)F,CCCn1cc[n+](C)c1.F[B-](F)(F)F,3.45,211.999
CCn1cc[n+](C)c1,F[P-](F)(F)(F)(F)F,CCn1cc[n+](C)c1.F[P-](F)(F)(F)(F)F,3.918,256.13
OCC[NH2+]CCO,CCC(=O)[O-],OCC[NH2+]CCO.CCC(=O)[O-],3.767,179.216
CCCCn1cc[n+](C)c1,[Br-],CCCCn1cc[n+](C)c1.[Br-],3.427,219.126
COCCCn1cc[n+](C)c1,[Cl-],COCCCn1cc[n+](C)c1.[Cl-],4.79,190.674
CCCCCC[n+]1ccccc1,O=S(=O)([N-]S(=O)(=O)C(F)(F)F)C(F)(F)F,CCCCCC[n+]1ccccc1.O=S(=O)([N-]S(=O)(=O)C(F)(F)F)C(F)(F)F,2.87,444.419
OCC[NH2+]CCO,CC(C)C(=O)[O-],OCC[NH2+]CCO.CC(C)C(=O)[O-],3.47,193.243
CCCCCCCOC[n+]1cccc(O)c1,[Cl-],CCCCCCCOC[n+]1cccc(O)c1.[Cl-],3,259.777
CCCC[n+]1cccc(C)c1,F[B-](F)(F)F,CCCC[n+]1cccc(C)c1.F[B-](F)(F)F,3.3,237.049
CCCC[N+]1(C)CCOCC1,[Br-],CCCC[N+]1(C)CCOCC1.[Br-],4.6,238.169
CCCCOC[n+]1cccc(O)c1,O=C1[N-]S(=O)(=O)c2ccccc21,CCCCOC[n+]1cccc(O)c1.O=C1[N-]S(=O)(=O)c2ccccc21,3.6,364.423
C[n+]1ccn(CCCCCCCC(=O)O)c1,[Br-],C[n+]1ccn(CCCCCCCC(=O)O)c1.[Br-],3.78,305.216
CCOC[N+]1(C)CCOCC1,O=S(=O)([N-]S(=O)(=O)C(F)(F)F)C(F)(F)F,CCOC[N+]1(C)CCOCC1.O=S(=O)([N-]S(=O)(=O)C(F)(F)F)C(F)(F)F,3.36,440.384
Cc1ccc(CN2C=C[NH+](C)C2)cc1,[Cl-],Cc1ccc(CN2C=C[NH+](C)C2)cc1.[Cl-],2.64,224.735
C[n+]1ccn(CCO)c1,F[B-](F)(F)F,C[n+]1ccn(CCO)c1.F[B-](F)(F)F,3.48,213.971
CCCCn1cc[n+](C)c1,F[P-](F)(F)(F)(F)F,CCCCn1cc[n+](C)c1.F[P-](F)(F)(F)(F)F,3.1,284.184
C[NH+](C)CCO,O=C([O-])CO,C[NH+](C)CCO.O=C([O-])CO,3.4,165.189
C[N+]1(Cc2ccccc2)CCOCC1,O=[N+]([O-])[O-],C[N+]1(Cc2ccccc2)CCOCC1.O=[N+]([O-])[O-],4,254.286
COCCC[N+]1(C)CCCCC1,O=S(=O)([N-]S(=O)(=O)C(F)(F)F)C(F)(F)F,COCCC[N+]1(C)CCCCC1.O=S(=O)([N-]S(=O)(=O)C(F)(F)F)C(F)(F)F,3.27,452.439
CCOCC[N+]1(C)CCOCC1,[Br-],CCOCC[N+]1(C)CCOCC1.[Br-],4.6,254.168
COCCCn1cc[n+](C)c1,O=S(=O)([N-]S(=O)(=O)C(F)(F)F)C(F)(F)F,COCCCn1cc[n+](C)c1.O=S(=O)([N-]S(=O)(=O)C(F)(F)F)C(F)(F)F,3.34,435.368
CCCCCCCCCn1cc[n+](C)c1,F[B-](F)(F)F,CCCCCCCCCn1cc[n+](C)c1.F[B-](F)(F)F,1.65,296.161
CCCCCCCC[n+]1cccc(C)c1,[Cl-],CCCCCCCC[n+]1cccc(C)c1.[Cl-],1.47,241.806
CCCC[n+]1ccc(N(C)C)cc1,[Cl-],CCCC[n+]1ccc(N(C)C)cc1.[Cl-],1.94,214.74
CCCCCCCCn1cc[n+](C)c1,[Cl-],CCCCCCCCn1cc[n+](C)c1.[Cl-],2,230.783
CCCCCCCOC[n+]1cccc(O)c1,CC1=CC(=O)N=S(=O)([O-])O1,CCCCCCCOC[n+]1cccc(O)c1.CC1=CC(=O)N=S(=O)([O-])O1,3,386.47
CCCCCCCCCCCOC[n+]1cccc(O)c1,[Cl-],CCCCCCCCCCCOC[n+]1cccc(O)c1.[Cl-],1.6,315.885
C[N+]1(CCO)CCCC1,[I-],C[N+]1(CCO)CCCC1.[I-],4.6,257.115
CCOCCn1cc[n+](C)c1,O=S(=O)([N-]S(=O)(=O)C(F)(F)F)C(F)(F)F,CCOCCn1cc[n+](C)c1.O=S(=O)([N-]S(=O)(=O)C(F)(F)F)C(F)(F)F,3.76,435.368
COCC[N+]1(C)CCCCC1,O=S(=O)([N-]S(=O)(=O)C(F)(F)F)C(F)(F)F,COCC[N+]1(C)CCCCC1.O=S(=O)([N-]S(=O)(=O)C(F)(F)F)C(F)(F)F,3.28,438.412
CCOC[N+]1(C)CCOCC1,[Cl-],CCOC[N+]1(C)CCOCC1.[Cl-],3.52,195.69
CCOCC[N+]1(C)CCCCC1,[Br-],CCOCC[N+]1(C)CCCCC1.[Br-],4.31,252.196
OCCC[n+]1ccccc1,[Cl-],OCCC[n+]1ccccc1.[Cl-],4.6,173.643
CC[N+](CC)(CC)CC,[Cl-],CC[N+](CC)(CC)CC.[Cl-],3.78,165.708
CC(C)C[P+](C)(CC(C)C)CC(C)C,Cc1ccc(S(=O)(=O)[O-])cc1,CC(C)C[P+](C)(CC(C)C)CC(C)C.Cc1ccc(S(=O)(=O)[O-])cc1,3.16,388.554
CCCCn1cc[n+](C)c1,F[P-](F)(F)(F)(F)F,CCCCn1cc[n+](C)c1.F[P-](F)(F)(F)(F)F,3.097,284.184
CCCCn1cc[n+](C)c1,COCCOCCOS(=O)(=O)[O-],CCCCn1cc[n+](C)c1.COCCOCCOS(=O)(=O)[O-],3.158,338.426
CCCCn1cc[n+](C)c1,N#C[S-],CCCCn1cc[n+](C)c1.N#C[S-],3.417,197.307
CCn1cc[n+](C)c1,CC(=O)[O-],CCn1cc[n+](C)c1.CC(=O)[O-],4.23,170.212
CCCCCCCC[n+]1ccc(C)cc1,F[B-](F)(F)F,CCCCCCCC[n+]1ccc(C)cc1.F[B-](F)(F)F,1.49,293.157
CCCCCCCC[n+]1ccccc1,[Cl-],CCCCCCCC[n+]1ccccc1.[Cl-],1.27,227.779
CCCC[n+]1cccc(C)c1,CCCCCCCCOS(=O)(=O)[O-],CCCC[n+]1cccc(C)c1.CCCCCCCCOS(=O)(=O)[O-],3.23,359.532
CCCC[n+]1cccc(C)c1,[Cl-],CCCC[n+]1cccc(C)c1.[Cl-],3.86,185.698
CCCCn1cc[n+](C)c1,COCCOCCOS(=O)(=O)[O-],CCCCn1cc[n+](C)c1.COCCOCCOS(=O)(=O)[O-],3.15,338.426
CCOCC[N+](C)(C)CC,O=S(=O)([N-]S(=O)(=O)C(F)(F)F)C(F)(F)F,CCOCC[N+](C)(C)CC.O=S(=O)([N-]S(=O)(=O)C(F)(F)F)C(F)(F)F,3.27,426.401
CCCCCCCn1cc[n+](C)c1,[Cl-],CCCCCCCn1cc[n+](C)c1.[Cl-],2.53,216.756
[NH3+]CCCO,CCCC(=O)[O-],[NH3+]CCCO.CCCC(=O)[O-],3.26,163.217
CCCCCCCCn1cc[n+](C)c1,F[B-](F)(F)F,CCCCCCCCn1cc[n+](C)c1.F[B-](F)(F)F,1.591,282.134
CCCCCCn1cc[n+](C)c1,O=S(=O)([N-]S(=O)(=O)C(F)(F)F)C(F)(F)F,CCCCCCn1cc[n+](C)c1.O=S(=O)([N-]S(=O)(=O)C(F)(F)F)C(F)(F)F,2.243,447.423
CC(=O)CCn1cc[n+](C)c1,[Br-],CC(=O)CCn1cc[n+](C)c1.[Br-],3.78,233.109
CCCCn1cc[n+](C)c1,CS(=O)(=O)[O-],CCCCn1cc[n+](C)c1.CS(=O)(=O)[O-],3.51,234.321
CCCCn1cc[n+](C)c1,COS(=O)(=O)[O-],CCCCn1cc[n+](C)c1.COS(=O)(=O)[O-],3.21,250.32
CCCC[n+]1ccccc1,[Br-],CCCC[n+]1ccccc1.[Br-],3.9,216.122
C[N+]1(CCO)CCCCC1,[I-],C[N+]1(CCO)CCCCC1.[I-],4.58,271.142
CCn1cc[n+](C)c1,CC(=O)[O-],CCn1cc[n+](C)c1.CC(=O)[O-],4.225,170.212
CCn1cc[n+](C)c1,CCOS(=O)(=O)[O-],CCn1cc[n+](C)c1.CCOS(=O)(=O)[O-],4.2,236.293
CCCCCC[n+]1cccc(C)c1,[Cl-],CCCCCC[n+]1cccc(C)c1.[Cl-],2.4,213.752
CCCCCC[n+]1ccccc1,O=S(=O)([O-])C(F)(F)F,CCCCCC[n+]1ccccc1.O=S(=O)([O-])C(F)(F)F,2.54,313.341
CCCCn1cc[n+](C)c1,N#C[S-],CCCCn1cc[n+](C)c1.N#C[S-],3.42,197.307
CCCC[N+](C)(C)CC,O=S(=O)([N-]S(=O)(=O)C(F)(F)F)C(F)(F)F,CCCC[N+](C)(C)CC.O=S(=O)([N-]S(=O)(=O)C(F)(F)F)C(F)(F)F,3.53,410.402
CCOC(=O)C[N+](C)(C)CC,FC(F)(F)C(F)(F)[P-](F)(F)(F)(C(F)(F)C(F)(F)F)C(F)(F)C(F)(F)F,CCOC(=O)C[N+](C)(C)CC.FC(F)(F)C(F)(F)[P-](F)(F)(F)(C(F)(F)C(F)(F)F)C(F)(F)C(F)(F)F,2.37,605.241
C[N+]1(Cc2ccccc2)CCOCC1,CCC(CC)C(=O)[O-],C[N+]1(Cc2ccccc2)CCOCC1.CCC(CC)C(=O)[O-],4.13,307.434
CCn1cc[n+](C)c1,O=S(=O)([O-])C(F)(F)F,CCn1cc[n+](C)c1.O=S(=O)([O-])C(F)(F)F,4.086,260.237
CCCCn1cc[n+](C)c1,COCCOCCOS(=O)(=O)[O-],CCCCn1cc[n+](C)c1.COCCOCCOS(=O)(=O)[O-],3.16,338.426
CCOC(=O)C[N+]1(C)CCCC1,O=S(=O)([N-]S(=O)(=O)C(F)(F)F)C(F)(F)F,CCOC(=O)C[N+]1(C)CCCC1.O=S(=O)([N-]S(=O)(=O)C(F)(F)F)C(F)(F)F,3.592,452.395
CCOC(=O)C[N+]1(C)CCCC1,[Br-],CCOC(=O)C[N+]1(C)CCCC1.[Br-],3.844,252.152
CCCC[n+]1ccc(C)cc1,F[B-](F)(F)F,CCCC[n+]1ccc(C)cc1.F[B-](F)(F)F,2.98,237.049
COCC[N+]1(C)CCCCC1,O=S(=O)(N=S(=O)([O-])C(F)(F)F)C(F)(F)F,COCC[N+]1(C)CCCCC1.O=S(=O)(N=S(=O)([O-])C(F)(F)F)C(F)(F)F,3.25,438.412
CCOC[n+]1ccccc1,[Cl-],CCOC[n+]1ccccc1.[Cl-],3.32,173.643
C[n+]1ccn(CCc2ccccc2)c1,[Cl-],C[n+]1ccn(CCc2ccccc2)c1.[Cl-],3,222.719
CCNC(N(C)C)=[N+](C)C,FC(F)(F)C(F)(F)[P-](F)(F)(F)(C(F)(F)C(F)(F)F)C(F)(F)C(F)(F)F,CCNC(N(C)C)=[N+](C)C.FC(F)(F)C(F)(F)[P-](F)(F)(F)(C(F)(F)C(F)(F)F)C(F)(F)C(F)(F)F,2.09,589.246
CCn1cc[n+](C)c1,CCOS(=O)(=O)[O-],CCn1cc[n+](C)c1.CCOS(=O)(=O)[O-],3.928,236.293
CCCCn1cc[n+](C)c1,N#C[N-]C#N,CCCCn1cc[n+](C)c1.N#C[N-]C#N,3.15,205.265
N#CC[n+]1ccccc1,[Cl-],N#CC[n+]1ccccc1.[Cl-],3.79,154.6
CC[S+](CC)CC,[Br-],CC[S+](CC)CC.[Br-],3.4,199.157
C[n+]1ccn(CCO)c1,[I-],C[n+]1ccn(CCO)c1.[I-],4.6,254.071
CCOCC[N+]1(C)CCCC1,O=S(=O)([N-]S(=O)(=O)C(F)(F)F)C(F)(F)F,CCOCC[N+]1(C)CCCC1.O=S(=O)([N-]S(=O)(=O)C(F)(F)F)C(F)(F)F,3.2,438.412
C[n+]1ccn(CCc2ccccc2)c1,F[P-](F)(F)(F)(F)F,C[n+]1ccn(CCc2ccccc2)c1.F[P-](F)(F)(F)(F)F,2.928,332.228
CCn1cc[n+](C)c1,N#C[B-](C#N)(C#N)C#N,CCn1cc[n+](C)c1.N#C[B-](C#N)(C#N)C#N,3.5,226.052
CCCn1cc[n+](C)c1,F[P-](F)(F)(F)(F)F,CCCn1cc[n+](C)c1.F[P-](F)(F)(F)(F)F,3.3,270.157
CCCCCCOC[n+]1cccc(O)c1,O=C1[N-]S(=O)(=O)c2ccccc21,CCCCCCOC[n+]1cccc(O)c1.O=C1[N-]S(=O)(=O)c2ccccc21,3.3,392.477
CC[N+](C)(C)CC#N,O=S(=O)([N-]S(=O)(=O)C(F)(F)F)C(F)(F)F,CC[N+](C)(C)CC#N.O=S(=O)([N-]S(=O)(=O)C(F)(F)F)C(F)(F)F,3.87,393.331
CCn1cc[n+](C)c1,CS(=O)(=O)[O-],CCn1cc[n+](C)c1.CS(=O)(=O)[O-],3.97,206.267
CCCCCCCCCn1cc[n+](C)c1,F[P-](F)(F)(F)(F)F,CCCCCCCCCn1cc[n+](C)c1.F[P-](F)(F)(F)(F)F,1.85,354.319
CC[n+]1ccc(N(C)C)cc1,O=S(=O)([N-]S(=O)(=O)C(F)(F)F)C(F)(F)F,CC[n+]1ccc(N(C)C)cc1.O=S(=O)([N-]S(=O)(=O)C(F)(F)F)C(F)(F)F,2.79,431.38
Cc1ccc(Cn2cc[n+](C)c2)cc1,[Cl-],Cc1ccc(Cn2cc[n+](C)c2)cc1.[Cl-],2.64,222.719
CCCCn1cc[n+](C)c1,FC(F)(F)C(F)(F)[P-](F)(F)(F)(C(F)(F)C(F)(F)F)C(F)(F)C(F)(F)F,CCCCn1cc[n+](C)c1.FC(F)(F)C(F)(F)[P-](F)(F)(F)(C(F)(F)C(F)(F)F)C(F)(F)C(F)(F)F,1.81,584.226
C[N+]1(CCCO)CCOCC1,[Cl-],C[N+]1(CCCO)CCOCC1.[Cl-],4.6,195.69
CCCCn1cc[n+](C)c1,[Cl-],CCCCn1cc[n+](C)c1.[Cl-],3.55,174.675
CCCC[n+]1cc(C)cc(C)c1,F[B-](F)(F)F,CCCC[n+]1cc(C)cc(C)c1.F[B-](F)(F)F,3.25,251.076
CCCCCCn1cc[n+](C)c1,F[P-](F)(F)(F)(F)F,CCCCCCn1cc[n+](C)c1.F[P-](F)(F)(F)(F)F,2.909,312.238
CCCC[n+]1cccc(C)c1,F[P-](F)(F)(F)(F)F,CCCC[n+]1cccc(C)c1.F[P-](F)(F)(F)(F)F,3.47,295.207
COCCC[n+]1ccccc1,O=S(=O)([N-]S(=O)(=O)C(F)(F)F)C(F)(F)F,COCCC[n+]1ccccc1.O=S(=O)([N-]S(=O)(=O)C(F)(F)F)C(F)(F)F,3.38,432.364
CCCCn1cc[n+](C)c1,COS(=O)(=O)[O-],CCCCn1cc[n+](C)c1.COS(=O)(=O)[O-],3.212,250.32
C[N+]1(Cc2ccccc2)CCOCC1,CCCCCC(=O)[O-],C[N+]1(Cc2ccccc2)CCOCC1.CCCCCC(=O)[O-],3.63,307.434
Cc1ccc(Cn2cc[n+](C)c2)cc1,F[P-](F)(F)(F)(F)F,Cc1ccc(Cn2cc[n+](C)c2)cc1.F[P-](F)(F)(F)(F)F,2.66,332.228
CC[N+](C)(C)CC#N,[Cl-],CC[N+](C)(C)CC#N.[Cl-],4.6,148.637
CCCC[P+](CCCC)(CCCC)CCCC,[Br-],CCCC[P+](CCCC)(CCCC)CCCC.[Br-],1.66,339.342
C[n+]1ccn(CC#N)c1,O=S(=O)([N-]S(=O)(=O)C(F)(F)F)C(F)(F)F,C[n+]1ccn(CC#N)c1.O=S(=O)([N-]S(=O)(=O)C(F)(F)F)C(F)(F)F,3.9,402.298
CCCC[N+]1(C)CCCC1,FC(F)(F)C(F)(F)[P-](F)(F)(F)(C(F)(F)C(F)(F)F)C(F)(F)C(F)(F)F,CCCC[N+]1(C)CCCC1.FC(F)(F)C(F)(F)[P-](F)(F)(F)(C(F)(F)C(F)(F)F)C(F)(F)C(F)(F)F,2.41,587.27
